Longitude,Latitude,depth,Band_1,Band_2,Band_3,Band_4
113.0638106,34.83930472,4.59,956,1068,1116,1061
113.0620567,34.83771622,2.9575,830,886,844,927
113.0634695,34.83955454,1.5725,884,998,972,737
113.0623764,34.84380061,1.415,1054,1193,1369,963
113.0629725,34.84311216,3.6875,1032,1172,1366,959
113.0679573,34.83812924,3.6175,1023,1178,1347,1499
113.0620657,34.84303239,1.415,1044,1198,1360,997
113.0618758,34.83781682,3.35,824,865,801,764
113.0620643,34.83894736,2.7475,835,873,807,724
113.0631714,34.84240663,4.1975,1011,1140,1331,1062
113.0636076,34.83945125,3.93,884,980,968,833
113.0649417,34.8443031,3.885,1015,1155,1348,1072
113.0668088,34.84813351,3.735,1074,1195,1395,1015
113.0626168,34.83965673,1.9075,840,898,828,693
113.0617554,34.83849309,3.265,824,903,837,866
113.0748816,34.8383771,0.81,1022,1154,1358,1110
113.061279,34.84104179,5.12,1021,1169,1360,998
113.063322,34.83914857,5.415,828,905,867,940
113.0643036,34.84249348,2.5425,1017,1145,1343,1061
113.0622678,34.838855,3.21,835,873,807,724
113.0692063,34.85014446,4.055,1045,1164,1345,1077
113.0645577,34.84370151,4.4225,1017,1140,1349,1072
113.0716038,34.85020253,1.97,1047,1184,1360,1033
113.0626785,34.84060802,1.0325,985,1112,1240,955
113.0620114,34.84314686,0.2725,1055,1207,1389,955
113.0629625,34.84427971,1.3575,1041,1169,1359,1001
113.0604289,34.84119687,1.8425,1044,1194,1371,984
113.0668459,34.84476599,2.2925,1044,1177,1377,995
113.060168,34.83954459,7.04,1033,1157,1365,1128
113.0601213,34.84102648,1.6075,1039,1182,1361,1002
113.0700626,34.84930004,2.545,1047,1196,1380,1016
113.062178,34.84196724,4.005,1045,1183,1369,958
113.0587193,34.83966668,1.5025,1044,1185,1353,1031
113.0627569,34.84072398,1.085,1012,1125,1320,1053
113.0589516,34.83949519,2.76,1038,1156,1338,1064
113.061508,34.84077233,6.84,1029,1129,1331,1043
113.0623525,34.83759746,2.53,852,979,931,1697
113.0620148,34.84177956,3.925,1039,1187,1361,991
113.0649709,34.83930429,1.6075,1032,1158,1336,1136
113.0614276,34.8415582,4.3425,1051,1183,1365,986
113.0643254,34.84564162,2.67,1058,1216,1399,1056
113.0680254,34.84664585,2.66,1044,1170,1364,1044
113.062317,34.84088985,2.8775,1023,1132,1322,1079
113.0630053,34.84133231,3.5425,1017,1149,1329,1079
113.0715627,34.85071467,2.0925,1053,1151,1360,1047
113.07119,34.84912523,2.425,1048,1181,1376,971
113.0609091,34.84173013,2.2675,1049,1206,1382,980
113.0717256,34.84830206,1.0,1061,1166,1375,999
113.0636378,34.84260539,3.9175,1028,1162,1350,1071
113.0600015,34.83986678,5.635,1022,1128,1332,1058
113.0704987,34.8477125,1.915,1049,1194,1381,1005
113.0635575,34.83951294,1.9225,917,1011,1044,793
113.0631331,34.83866321,2.0175,895,985,903,1905
113.0635164,34.84443718,3.395,1041,1169,1373,1001
113.0625249,34.84065356,1.3125,1012,1125,1294,1057
113.0631617,34.8445344,1.77,1069,1203,1402,1019
113.0748872,34.83836517,0.925,1022,1154,1358,1110
113.0638042,34.83940288,2.77,956,1068,1116,1061
113.0628769,34.84274286,4.8225,1033,1194,1360,992
113.0658363,34.83836486,4.0825,1091,1305,1555,2217
113.0613832,34.84150825,4.02,1051,1183,1365,986
113.0680867,34.83834374,3.255,1017,1174,1326,1383
113.0688251,34.84601504,1.796666667,1033,1153,1360,1039
113.0696447,34.85177153,4.22,1076,1203,1418,1098
113.0614976,34.84052791,7.82,1029,1141,1313,1025
113.0665752,34.84919299,2.0425,1149,1335,1586,1249
113.0717884,34.8376901,1.41,1090,1242,1442,1604
113.0636125,34.84413935,4.4825,1035,1203,1377,935
113.0636219,34.83942799,3.8375,884,980,968,833
113.0614263,34.84058925,7.8125,1029,1141,1313,1025
113.0629349,34.84043999,1.19,1018,1141,1272,924
113.0626408,34.84301371,4.575,1032,1159,1362,991
113.06913,34.84584772,1.5475,1033,1140,1324,1086
113.0688717,34.84725073,2.5125,1049,1181,1355,1002
113.0631822,34.83971239,1.5675,917,998,975,714
113.0618109,34.83784517,3.395,802,865,794,736
113.0638846,34.83933233,5.31,1018,1178,1264,1341
113.0603397,34.84124119,1.7725,1044,1194,1371,984
113.0645825,34.84353976,5.625,1017,1140,1342,1063
113.0714274,34.84918423,2.395,1048,1198,1391,966
113.0649727,34.84478517,4.445,1032,1176,1351,1035
113.0587298,34.83829811,7.9825,1027,1161,1350,1081
113.06,34.84102844,1.4525,1044,1148,1346,1039
113.0601856,34.84088687,1.8875,1061,1199,1365,993
113.065243,34.84318065,2.525,1044,1165,1365,1028
113.0623435,34.83760398,2.735,852,979,931,1697
113.0656361,34.84800292,1.4825,1141,1301,1530,1113
113.0637501,34.83936699,2.305,956,1068,1116,1061
113.0611443,34.84008007,6.72,1046,1150,1406,1361
113.0639685,34.84404869,3.73,1032,1172,1358,969
113.0587934,34.83949936,2.1875,1044,1160,1338,1050
113.0619403,34.83789245,3.4725,824,865,801,764
113.061839,34.8384582,3.19,824,903,837,866
113.0647143,34.84635584,1.6075,1083,1259,1442,1042
113.0653473,34.84686998,2.725,1067,1205,1410,1018
113.0604784,34.84148324,0.545,1027,1164,1346,1040
113.0619079,34.83940115,2.5975,846,932,905,1060
113.0701036,34.84839929,2.3875,1049,1186,1385,968
113.0705085,34.84770527,1.9,1049,1194,1381,1005
113.066977,34.84607505,3.38,1042,1184,1365,1036
113.0633684,34.83959909,1.6525,856,981,921,709
113.0631846,34.84004307,1.4275,990,1115,1214,831
113.0621526,34.83767845,3.0325,830,886,844,927
113.06435,34.84210386,1.4225,1017,1136,1332,1071
113.0717745,34.83762862,1.625,1090,1242,1442,1604
113.066561,34.84900996,1.825,1106,1256,1428,983
113.0679323,34.84490842,1.645,1039,1149,1343,1052
113.0738599,34.83801149,1.805,999,1158,1332,1025
113.0702073,34.83846703,2.7975,1032,1153,1324,1072
113.0725332,34.83850412,1.793333333,1043,1191,1336,1322
113.0613324,34.84101328,5.4175,1021,1169,1360,998
113.0588195,34.83897908,5.1725,1016,1152,1321,1081
113.0643721,34.84495653,4.4275,1049,1197,1387,960
113.0732689,34.83829381,2.18,1032,1170,1340,1151
113.0656305,34.84779675,1.4225,1136,1288,1494,1080
113.0629522,34.83965705,1.975,917,998,975,714
113.063782,34.83933538,3.585,956,1068,1116,1061
113.0627649,34.84187129,4.21,1022,1148,1349,1053
113.0609053,34.83971444,5.2025,1056,1153,1419,1310
113.0732689,34.83829381,2.18,1032,1170,1340,1151
113.0591275,34.83939465,4.215,1010,1148,1335,1083
113.0598469,34.84081851,1.47,1050,1174,1368,993
113.0684273,34.84769589,2.985,1054,1173,1351,1044
113.0686164,34.85061594,4.1275,1045,1220,1405,1059
113.0617372,34.84196048,3.7,1039,1162,1361,967
113.0679271,34.84492481,1.7475,1039,1149,1343,1052
113.0591731,34.84053993,1.473333333,1043,1176,1356,1021
113.0633181,34.84066544,1.045,1012,1141,1336,1073
113.0598434,34.84094373,1.2325,1050,1174,1368,993
113.0629356,34.83991684,1.33,901,1015,1008,723
113.0612969,34.83798269,3.26,819,874,819,801
113.0621976,34.83995801,1.9375,840,919,861,777
113.0589496,34.83804262,8.535,1028,1157,1364,1289
113.0633617,34.83904592,4.685,840,955,870,1220
113.0639321,34.84351865,4.7475,1028,1157,1364,1002
113.0616014,34.83808421,3.13,808,874,794,731
113.0609677,34.83985831,5.845,1022,1148,1365,1198
113.0601669,34.83948012,7.1425,1033,1157,1365,1128
113.0712797,34.84863773,2.2975,1087,1214,1394,920
113.0619308,34.83900452,2.7675,829,898,829,771
113.073254,34.83786716,1.5575,1013,1154,1338,1039
113.0622132,34.83891999,3.1675,835,873,807,724
113.0705273,34.84924427,1.6425,1054,1177,1376,1018
113.0718964,34.85045085,2.135,1036,1163,1364,1029
113.0638326,34.83931131,4.8725,956,1068,1116,1061
113.0646367,34.8430281,4.13,1028,1148,1339,1049
113.0628511,34.83936326,2.08,828,892,809,669
113.0601267,34.84116556,1.25,1021,1169,1349,1022
113.0650535,34.84295106,2.2775,1028,1153,1349,1053
113.0732314,34.83755384,2.5775,1079,1250,1428,1580
113.0711828,34.85093141,1.9375,1024,1170,1365,1072
113.0727127,34.84861902,0.73,1038,1165,1364,1012
113.0635821,34.84246963,3.7,1017,1124,1350,1089
113.0624225,34.84026157,1.5425,912,1015,1016,749
113.0587975,34.83958128,1.91,1044,1160,1338,1050
113.0643072,34.8451849,4.1275,1041,1199,1374,1014
113.0637599,34.83935058,2.555,956,1068,1116,1061
113.0677442,34.85012434,4.105,1099,1266,1458,1094
113.0678758,34.85008621,3.8925,1099,1266,1458,1094
113.0647941,34.84451454,4.3475,1043,1164,1355,1011
113.0659119,34.84688567,3.865,1072,1196,1395,948
113.0640829,34.84000591,0.51,1057,1229,1387,1013
113.0679357,34.8448957,1.5275,1039,1149,1343,1052
113.0584395,34.84016482,0.88,1032,1164,1353,1055
113.0599425,34.84048958,2.9325,1056,1186,1368,1011
113.0634504,34.83903786,2.035,890,1022,950,1957
113.070211,34.84945986,2.0275,1037,1193,1362,1046
113.0599087,34.83871515,6.905,1083,1228,1498,1578
113.0627125,34.83972671,2.2775,845,914,842,691
113.0725223,34.84892537,2.2225,1049,1165,1367,1040
113.0631035,34.83874707,4.1325,895,985,903,1905
113.0712945,34.84861319,2.1375,1087,1214,1394,920
113.0626472,34.83878539,3.1525,784,880,798,767
113.0637843,34.83933823,3.65,956,1068,1116,1061
113.0652657,34.84508797,4.0125,1025,1174,1352,1032
113.0603339,34.84075746,3.26,1050,1174,1372,983
113.0717925,34.85051315,1.975,1036,1163,1364,1029
113.0602169,34.84111641,1.61,1056,1199,1368,979
113.0659357,34.84571453,4.0375,1044,1165,1352,1046
113.0601906,34.84088431,1.915,1061,1199,1365,993
113.0608371,34.84033077,7.0575,1039,1153,1343,1049
113.0697342,34.85175408,4.22,1076,1203,1418,1098
113.0693393,34.8468389,1.5325,1049,1177,1373,992
113.0641869,34.84533886,3.73,1036,1178,1385,1032
113.0645914,34.84473421,4.405,1060,1176,1380,946
113.0626287,34.8391737,3.0225,828,888,802,688
113.0732793,34.83832116,2.13,1032,1170,1340,1151
113.0677978,34.8450638,1.9575,1050,1162,1347,1038
113.0698394,34.84972148,3.735,1041,1158,1359,1072
113.0720649,34.84964116,2.29,1071,1211,1391,963
113.0652554,34.8437848,3.07,1033,1178,1367,1058
113.0725782,34.84883907,1.63,1033,1170,1371,1021
113.0587536,34.83797372,9.9275,1039,1161,1361,1207
113.0621124,34.84172946,4.5425,1051,1174,1369,1009
113.0618695,34.84121164,5.78,1034,1157,1343,1023
113.0679101,34.84651854,2.4975,1044,1170,1364,1044
113.0619777,34.84284618,2.2925,1044,1161,1357,1011
113.0603425,34.83948503,8.08,1033,1157,1365,1128
113.0749269,34.83783722,2.105,1011,1162,1325,1063
113.0623817,34.83882139,3.2575,818,869,793,724
113.06644,34.84646779,4.0075,1037,1163,1354,1040
113.0635893,34.84435701,3.69,1030,1165,1369,973
113.063436,34.8438771,3.6325,1043,1180,1369,963
113.0587545,34.82910269,3.3725,805,863,801,866
113.0612331,34.84256661,0.9675,1059,1209,1377,992
113.0611437,34.83809101,3.29,847,912,913,969
113.0584116,34.84044683,0.635,1037,1163,1359,1053
113.0672753,34.84860487,3.9525,1073,1210,1399,983
113.0649752,34.84426775,3.9075,1015,1155,1348,1072
113.0648655,34.84290262,2.9,1033,1165,1357,1044
113.063263,34.8427469,4.55,1016,1140,1338,1048
113.0644013,34.84415612,4.73,1032,1155,1355,1030
113.0706179,34.8514308,2.9275,1057,1157,1361,1076
113.0655333,34.84393298,2.7025,1039,1153,1357,1027
113.0614137,34.84225173,2.5225,1042,1171,1366,992
113.0725232,34.8376589,1.74,1046,1196,1392,1277
113.0616262,34.83789506,3.25,824,878,794,722
113.0672657,34.84653495,3.615,1037,1176,1368,1036
113.0708316,34.85099906,2.2275,1035,1149,1358,1076
113.0676624,34.84825003,3.8225,1056,1180,1367,988
113.0625976,34.83975138,2.055,840,898,828,693
113.0650733,34.8440756,4.2225,1038,1143,1355,1053
113.0585807,34.83977386,1.11,1049,1169,1353,1036
113.0695865,34.84862369,2.495,1048,1180,1371,1010
113.0684758,34.84650261,1.715,1039,1195,1385,997
113.0678755,34.8482449,3.855,1045,1172,1370,1025
113.0679931,34.84667378,2.74,1044,1161,1367,1030
113.0611273,34.83808672,3.305,847,912,913,969
113.0621426,34.83979348,2.2375,829,936,854,805
113.0637527,34.83936006,2.35,956,1068,1116,1061
113.0715714,34.85071039,2.235,1053,1151,1360,1047
113.0608223,34.8415184,2.165,1066,1177,1382,961
113.0671109,34.84746959,4.145,1052,1141,1362,1052
113.0636504,34.83932619,3.1225,884,980,968,833
113.0587241,34.83827265,8.025,1033,1152,1350,1137
113.0732328,34.8375536,2.58,1079,1250,1428,1580
113.0600306,34.84072939,2.465,1039,1190,1372,993
113.0659671,34.84848952,1.845,1144,1314,1543,1145
113.0603568,34.84110966,2.0275,1056,1199,1368,979
113.0658572,34.83844615,3.5075,1091,1305,1555,2217
113.0587832,34.83960356,1.805,1044,1160,1338,1050
113.0630589,34.84403121,2.965,1026,1147,1362,1019
113.0649669,34.84531062,3.9725,1064,1220,1385,939
113.0623414,34.84372411,1.4025,1048,1230,1384,935
113.059341,34.84042786,2.9075,1043,1159,1370,993
113.072896,34.84892471,0.92,1033,1182,1371,1031
113.0684975,34.85088281,3.2625,1112,1262,1524,1311
113.05843,34.84003293,1.99,1032,1164,1346,1059
113.0603559,34.84070869,3.6925,1050,1174,1372,983
113.0636917,34.83939384,3.0275,884,980,968,833
113.0631313,34.83960012,1.6275,856,981,921,709
113.0598221,34.84080374,1.445,1050,1174,1368,993
113.0700368,34.84810299,2.0,1083,1215,1399,968
113.06371,34.84425637,3.7025,1024,1182,1377,963
113.0738913,34.83758725,2.9475,1141,1305,1507,1939
113.062891,34.8393339,2.155,812,888,802,688
113.0595305,34.84030011,1.7475,1044,1178,1375,988
113.0638362,34.84488091,4.1375,1052,1173,1388,1001
113.0684984,34.85087049,3.395,1112,1262,1524,1311
113.0597116,34.84092679,0.82,1050,1174,1368,993
113.0614522,34.83817854,3.2875,830,886,848,861
113.0726654,34.84899883,1.9775,1055,1170,1367,1031
113.0658533,34.84693957,3.905,1061,1180,1374,1000
113.0614693,34.84151764,4.54,1051,1183,1365,986
113.0705153,34.85167248,3.6875,1054,1153,1360,1084
113.061575,34.8405313,7.87,990,1108,1233,959
113.0620693,34.84303911,1.4375,1044,1198,1360,997
113.065496,34.84492522,4.005,1036,1166,1356,1060
113.0603793,34.84153971,0.4775,1027,1164,1346,1040
113.0626605,34.83946244,2.0575,824,898,818,692
113.0627665,34.84051212,1.1375,1007,1125,1291,969
113.0637844,34.83933168,3.9425,956,1068,1116,1061
113.0732807,34.83841717,1.67,1032,1170,1340,1151
113.0679705,34.84673843,2.905,1044,1161,1367,1030
113.0612175,34.84185587,3.6375,1049,1181,1375,966
113.0713237,34.85049083,2.075,1047,1151,1349,1061
113.0619672,34.83776169,3.065,835,878,808,815
113.0702137,34.8383479,2.26,1035,1162,1363,1094
113.0662936,34.84655746,4.15,1048,1172,1361,1026
113.0588298,34.83911682,3.9525,1016,1152,1321,1081
113.0620697,34.84153834,5.4525,1051,1174,1351,1028
113.0599856,34.84036459,3.25,1039,1161,1361,1021
113.0696009,34.85173435,4.325,1076,1203,1418,1098
113.0624399,34.83961355,2.3275,824,902,825,720
113.0611594,34.84116365,4.26,1033,1169,1367,998
113.0601038,34.83988162,5.88,1033,1144,1343,1039
113.0713352,34.84856327,1.88,1087,1214,1394,920
113.0703399,34.85132633,3.52,1037,1161,1353,1075
113.071258,34.85056546,1.9475,1031,1155,1346,1061
113.0717595,34.85052281,2.18,1042,1176,1360,1019
113.0680836,34.83833672,3.3,1017,1174,1326,1383
113.0583106,34.84025742,0.92,1021,1143,1346,1087
113.0600459,34.8398271,5.5825,1033,1144,1343,1039
113.0664419,34.84493011,3.98,1066,1165,1363,1037
113.061024,34.84123572,3.9925,1033,1169,1367,998
113.0626851,34.84428628,1.27,1057,1207,1402,1001
113.0716967,34.84925767,2.34,1048,1185,1376,985
113.0598469,34.84081851,1.47,1050,1174,1368,993
113.0617397,34.83787217,3.455,802,865,794,736
113.0617752,34.83839979,3.22,819,878,804,750
113.0704061,34.84778855,2.0425,1071,1211,1388,963
113.0679419,34.84822372,4.6675,1039,1160,1370,1011
113.0586102,34.83898632,4.8075,1016,1140,1332,1085
113.0644406,34.84376846,5.1025,1022,1132,1349,1063
113.070531,34.85164591,3.6825,1054,1153,1360,1084
113.0603445,34.84123692,1.81,1044,1194,1371,984
113.071939,34.84974748,2.6225,1060,1186,1384,973
113.0607873,34.84147427,2.2125,1066,1177,1382,961
113.0581411,34.82914113,3.2775,812,866,819,798
113.0648885,34.84351737,3.42,1039,1148,1364,1049
113.060864,34.84194558,0.705,1060,1194,1378,984
113.064515,34.84294826,2.9225,1022,1157,1346,1053
113.0630331,34.83924252,2.8475,806,880,798,711
113.0712519,34.84914464,2.335,1054,1189,1383,976
113.0637655,34.84421985,3.78,1054,1193,1380,946
113.0678421,34.85009942,4.13,1099,1266,1458,1094
113.0584173,34.84025128,0.695,1032,1164,1353,1055
113.0635294,34.84268775,3.895,1028,1145,1332,1075
113.062196,34.843121,2.0475,1044,1198,1360,997
113.0624939,34.84066004,1.3,1012,1125,1294,1057
113.0671165,34.84669067,3.6575,1048,1172,1354,1050
113.061773,34.83785846,3.4475,802,865,794,736
113.0641816,34.84507091,4.22,1049,1185,1366,1007
113.0636178,34.84252089,4.0925,1028,1162,1350,1071
113.0697745,34.85172898,4.74,1082,1216,1428,1154
113.0646667,34.84418063,4.125,1032,1155,1355,1030
113.0669213,34.84683013,3.555,1048,1172,1354,1050
113.0656505,34.84675458,3.7475,1061,1184,1374,1018
113.0600883,34.83981947,6.15,1033,1144,1343,1039
113.0732548,34.83822967,2.0125,1021,1154,1332,1029
113.0584122,34.8404507,0.6325,1037,1163,1359,1053
113.0676507,34.84603705,2.6675,1048,1193,1368,1031
113.0687,34.83827494,2.6575,1184,1375,1521,2208
113.0642945,34.84592597,1.1775,1080,1199,1442,1042
113.0720525,34.85015979,1.513333333,1047,1159,1371,1019
113.0617107,34.84027102,2.2575,940,1146,1186,1076
113.0601221,34.83903072,6.0475,1028,1136,1343,1221
113.0646555,34.8427879,2.505,1022,1132,1349,1058
113.060123,34.84096216,1.69,1061,1199,1365,993
113.0677349,34.85012479,4.125,1099,1266,1458,1094
113.0620592,34.8407306,4.4775,1012,1150,1291,1057
113.0587963,34.83885457,5.9925,1027,1119,1317,1085
113.062103,34.83779325,3.04,824,886,833,861
113.0664497,34.84646115,4.0175,1037,1163,1354,1040
113.0636731,34.84034498,1.8625,1023,1153,1337,1050
113.0597172,34.84095098,0.7775,1050,1174,1368,993
113.0593616,34.83923635,5.735,1017,1144,1336,1063
113.0600826,34.83979336,5.7175,1017,1157,1339,1049
113.0642553,34.84559006,2.4675,1058,1216,1399,1056
113.0633619,34.84153903,2.2475,1006,1124,1336,1092
113.0654226,34.8434168,2.2975,1033,1178,1361,1028
113.068664,34.8469053,2.5225,1049,1169,1373,1011
113.0646831,34.84403764,4.21,1026,1160,1344,1072
113.0642584,34.84536227,3.545,1041,1178,1381,1037
113.0598503,34.84012794,3.63,1022,1153,1329,1053
113.0626089,34.84088493,2.2325,1017,1132,1307,1089
113.0680091,34.83821311,3.9525,1023,1178,1347,1499
113.065936,34.84582445,4.0075,1044,1165,1352,1046
113.0647952,34.8427212,2.5125,1033,1144,1349,1044
113.0662832,34.84415646,1.4975,1033,1165,1360,1004
113.0628993,34.84218138,4.935,1033,1140,1346,1053
113.0670017,34.84587215,3.1625,1031,1172,1372,1050
113.0675734,34.84759154,3.63,1058,1166,1355,1024
113.0629106,34.83866802,3.58,851,905,838,1136
113.0691646,34.8502515,4.0575,1040,1177,1356,1082
113.0620908,34.8398011,2.4025,840,919,861,777
113.0638511,34.84405612,4.46,1054,1197,1380,951
113.0682897,34.84673613,1.85,1054,1177,1366,1039
113.0585278,34.83982706,1.045,1049,1148,1356,1031
113.0606635,34.84140806,2.523333333,1066,1198,1375,998
113.0607502,34.84037607,6.435,1039,1153,1343,1049
113.0603169,34.8412853,1.39,1044,1194,1371,984
113.0615217,34.84227087,2.74,1042,1171,1366,992
113.0602521,34.84115439,1.7,1044,1194,1371,984
113.060965,34.8397876,4.7625,1056,1153,1419,1310
113.0708338,34.85113583,2.3675,1040,1157,1358,1076
113.06624,34.84839403,1.76,1094,1251,1417,982
113.0598292,34.84080832,1.4525,1050,1174,1368,993
113.0618626,34.8412237,5.815,1034,1157,1343,1023
113.0626591,34.84068392,1.1325,1001,1133,1298,1057
113.0598047,34.83888798,9.36,1039,1161,1390,1214
113.0584113,34.8404458,0.6425,1037,1163,1359,1053
113.0651285,34.84337808,2.91,1039,1153,1360,1039
113.0647196,34.84320259,3.21,1028,1136,1346,1049
113.0601992,34.84134271,0.7025,1010,1152,1338,1045
113.0613724,34.83794961,3.205,824,878,794,722
113.0630428,34.84003235,1.5475,990,1115,1214,831
113.0642521,34.84215178,1.805,1023,1149,1336,1057
113.0656294,34.84776617,1.425,1136,1288,1494,1080
113.0680672,34.84695425,3.1275,1043,1160,1366,1034
113.0645553,34.84370752,4.4,1017,1140,1349,1072
113.0632753,34.83995309,1.4325,990,1136,1192,845
113.0637523,34.83935952,2.305,956,1068,1116,1061
113.0613577,34.84066301,7.03,1029,1158,1338,1029
113.0693881,34.84567587,1.5225,1040,1141,1344,1082
113.0626094,34.84137139,4.6775,1017,1145,1336,1079
113.0599142,34.84077035,1.865,1039,1190,1372,993
113.0584117,34.84044623,0.6425,1037,1163,1359,1053
113.0667379,34.84626956,3.8875,1031,1138,1361,1040
113.0620289,34.84295816,1.76,1044,1161,1357,1011
113.0620427,34.83981078,2.41,840,919,861,777
113.0628153,34.84205641,6.16,1022,1144,1342,1039
113.0635115,34.84210207,3.8825,1028,1132,1347,1071
113.0601037,34.83977946,6.405,1017,1157,1339,1049
113.0626424,34.8427588,4.825,1033,1169,1364,973
113.0689673,34.84925097,4.0325,1063,1170,1366,1058
113.0638133,34.84523127,1.395,1048,1202,1388,1010
113.0629471,34.8394082,2.035,812,888,802,688
113.0685198,34.84634424,2.19,1050,1165,1389,997
113.062061,34.84302552,1.4325,1044,1198,1360,997
113.0622614,34.83885709,3.2075,835,873,807,724
113.0662208,34.84603578,3.9975,1048,1167,1361,1022
113.0619195,34.84096076,5.65,1000,1141,1325,1079
113.0640612,34.84003039,0.5875,1057,1229,1387,1013
113.0640908,34.84391597,3.96,1028,1157,1346,1035
113.0607061,34.84130428,2.2625,1049,1198,1378,980
113.0680063,34.84997624,3.525,1088,1237,1418,973
113.066182,34.84420161,1.5875,1039,1165,1371,1036
113.062246,34.84049643,1.2225,985,1104,1233,950
113.0611469,34.83808675,3.2875,847,912,913,969
113.0683666,34.84643703,2.425,1044,1170,1371,1007
113.0622177,34.83887302,3.195,835,873,807,724
113.0588168,34.83879413,5.6525,1027,1119,1317,1085
113.0680773,34.83832336,3.335,1017,1174,1326,1383
113.059893,34.84026853,2.9,1033,1157,1346,1025
113.0720801,34.84964926,2.0575,1071,1211,1391,963
113.0648155,34.84472623,3.9075,1038,1181,1362,993
113.0636984,34.84032831,1.65,1023,1153,1337,1050
113.061818,34.8390631,2.7075,857,911,872,934
113.0658707,34.83853309,1.69,1074,1192,1385,1290
113.0625805,34.83950651,2.1875,824,898,818,692
113.0648414,34.83910253,2.273333333,991,1125,1277,1206
113.05983,34.84057428,2.135,1044,1190,1379,988
113.067761,34.84596395,2.595,1044,1174,1385,1002
113.0663074,34.84655306,3.9575,1048,1172,1361,1026
113.0627827,34.84050895,1.1025,1007,1125,1291,969
113.0699919,34.84834139,2.05,1060,1207,1392,968
113.0634985,34.83982765,1.55,1001,1136,1264,901
113.0635273,34.83953838,1.67,884,998,972,737
113.0637869,34.83939223,2.665,956,1068,1116,1061
113.0615821,34.84130298,4.8575,1028,1174,1347,995
113.0647291,34.84407251,4.1925,1026,1160,1344,1072
113.071572,34.84990172,2.21,1025,1167,1375,1043
113.0630864,34.83921651,2.9625,823,892,816,781
113.0609955,34.84095938,4.745,1056,1178,1365,1007
113.0658162,34.84672364,4.085,1072,1180,1377,976
113.0658334,34.84696047,3.9925,1061,1180,1374,1000
113.0639714,34.84357063,4.965,1028,1157,1364,1002
113.0577865,34.829202,3.8825,907,1008,1072,1264
113.0587668,34.83933536,3.0825,1021,1135,1328,1078
113.0618703,34.83782443,3.34,824,865,801,764
113.0645155,34.84354821,3.9925,1011,1132,1346,1077
113.0749727,34.83798777,1.7925,1011,1154,1329,1035
113.0646956,34.84478557,3.9275,1060,1176,1380,946
113.061284,34.84122955,4.6925,1038,1152,1353,994
113.0697542,34.84976465,3.955,1041,1158,1359,1072
113.063167,34.83981766,1.5425,956,1078,1106,765
113.0739105,34.83843909,1.27,1016,1166,1332,1062
113.0661407,34.8459718,3.7325,1055,1152,1359,1046
113.065945,34.84686242,3.895,1072,1196,1395,948
113.0625715,34.84313229,4.58,1032,1159,1362,991
113.0721708,34.84918414,2.215,1055,1165,1371,1021
113.0652147,34.84306371,2.0625,1022,1161,1353,1030
113.0653524,34.8432741,2.365,1044,1165,1365,1028
113.0701972,34.83815966,1.66,1113,1318,1504,1420
113.061252,34.84253191,0.9975,1059,1209,1377,992
113.0706307,34.85118077,2.8425,1035,1145,1347,1072
113.0628556,34.84086629,1.2325,1000,1141,1325,1089
113.0584035,34.83981967,1.015,1038,1173,1349,1045
113.0685289,34.85098833,2.635,1112,1262,1524,1311
113.0589669,34.8384155,7.7375,1027,1161,1350,1081
113.0646187,34.84282018,2.615,1022,1153,1349,1030
113.0587999,34.8395236,2.1,1044,1160,1338,1050
113.0626373,34.83947592,2.095,824,898,818,692
113.0702088,34.83841452,2.3475,1035,1162,1363,1094
113.0694969,34.84794117,2.29,1053,1205,1379,991
113.0725044,34.84905989,3.025,1027,1157,1364,1054
113.0616663,34.83791575,3.295,824,878,794,722
113.0676624,34.84825003,3.8225,1056,1180,1367,988
113.0631816,34.84450791,2.6175,1069,1203,1402,1019
113.0675034,34.84635226,2.695,1048,1163,1368,1031
113.0627146,34.84070395,1.1175,1012,1125,1320,1053
113.061969,34.84264033,3.905,1055,1203,1378,959
113.0668354,34.84621496,3.8075,1031,1138,1361,1040
113.0623503,34.84387643,1.4675,1071,1210,1380,949
113.0603462,34.8412351,1.87,1044,1194,1371,984
113.0662028,34.84803418,2.4675,1102,1238,1455,987
113.0632281,34.84447725,2.9025,1046,1186,1369,1001
113.0700152,34.85156909,4.7725,1059,1186,1396,1042
113.0636775,34.83940049,3.4625,884,980,968,833
113.0623996,34.83769288,3.38,846,962,895,1399
113.0612908,34.8379858,3.29,819,874,819,801
113.0673205,34.83813344,3.105,1023,1141,1326,1333
113.0628865,34.84086829,1.595,1000,1141,1325,1089
113.0715487,34.84991539,2.295,1025,1167,1375,1043
113.0623399,34.83984892,2.0425,840,919,861,777
113.0582687,34.84042008,0.95,1020,1193,1348,1086
113.0673308,34.8468816,3.615,1041,1157,1362,1047
113.0580742,34.82915813,3.4,812,866,819,798
113.0598214,34.83993896,4.5225,1022,1128,1332,1058
113.0622853,34.84162674,6.185,1028,1149,1343,1056
113.0627321,34.84397407,0.805,1048,1155,1369,1010
113.062079,34.84187811,5.0425,1045,1183,1369,958
113.0628314,34.84081944,1.0525,1000,1141,1325,1089
113.0608892,34.84200731,0.665,1060,1190,1375,1003
113.0711682,34.84911727,2.326666667,1048,1181,1376,971
113.0622725,34.8377207,3.6675,846,962,895,1399
113.0684166,34.8463284,2.23,1050,1178,1382,993
113.0643421,34.84338545,4.1525,1017,1140,1342,1067
113.0589567,34.83797904,6.9225,1028,1157,1364,1289
113.0628202,34.83969676,2.1825,845,914,842,691
113.0663184,34.84568461,4.25,1044,1173,1363,1055
113.0629177,34.8393013,2.2875,812,888,802,688
113.063782,34.839338,3.4925,956,1068,1116,1061
113.0587603,34.8396288,1.6875,1044,1185,1353,1031
113.0727232,34.84860703,0.72,1038,1165,1364,1012
113.0629783,34.84132993,2.5225,1017,1149,1329,1079
113.0719909,34.8503244,1.69,1053,1188,1371,1029
113.0624838,34.83971545,2.01,823,890,836,726
113.0632208,34.84090765,1.155,1006,1141,1336,1073
113.0677244,34.84598085,2.2625,1044,1174,1385,1002
113.0621699,34.84001591,2.26,879,978,951,917
113.0650191,34.84521524,4.1275,1064,1220,1385,939
113.0584687,34.83993935,1.8725,1038,1173,1349,1045
113.0650946,34.84382095,4.0225,1049,1155,1358,1067
113.0627948,34.83939576,2.02,828,892,809,669
113.0658529,34.84470721,3.8825,1055,1165,1360,1050
113.0651492,34.84611753,4.2825,1061,1171,1388,958
113.0650935,34.84615776,3.68,1061,1171,1388,958
113.0609504,34.84075948,5.7425,1044,1169,1350,1025
113.0637423,34.84369163,3.6275,1033,1190,1375,960
113.069866,34.84636388,0.965,1023,1141,1337,1082
113.0630382,34.83992112,1.315,901,1015,1008,723
113.0619279,34.83939254,2.6225,846,932,905,1060
113.0625533,34.83970734,2.0825,840,898,828,693
113.0685403,34.84760601,3.1975,1049,1160,1362,1034
113.0623255,34.840328,1.735,951,1041,1103,815
113.060218,34.84134487,0.7725,1010,1152,1338,1045
113.0622034,34.83763525,3.41,846,962,895,1399
113.0577271,34.82920816,3.63,907,1008,1072,1264
113.0695551,34.8517912,3.4875,1087,1224,1479,1243
113.0628019,34.84017944,1.3725,985,1099,1132,805
113.0654363,34.84331079,1.985,1044,1165,1365,1028
113.0653482,34.84327367,2.3225,1044,1165,1365,1028
113.0690683,34.85030582,4.0575,1051,1181,1364,1049
113.0585415,34.83980879,1.0425,1049,1148,1356,1031
113.0720663,34.84965717,2.0175,1071,1211,1391,963
113.0616676,34.84031585,3.7475,1018,1150,1291,1039
113.0663661,34.84618477,3.9225,1059,1163,1354,1040
113.0714578,34.85035053,2.0375,1020,1163,1364,1047
113.0700025,34.84926882,2.965,1047,1196,1380,1016
113.0630177,34.84248251,4.915,1022,1161,1349,1039
113.0708455,34.85082782,2.835,1047,1167,1353,1080
113.0659675,34.84659242,3.805,1083,1201,1381,939
113.061842,34.83795514,3.5625,813,878,804,731
113.0627264,34.84280293,3.3325,1033,1194,1360,992
113.064186,34.84389808,5.2125,1028,1157,1346,1035
113.0601191,34.84106497,1.5775,1039,1182,1361,1002
113.0612276,34.83802257,3.3325,819,874,819,801
113.061843,34.84216505,3.4875,1061,1194,1375,964
113.0586838,34.82910143,3.3375,805,863,801,866
113.0629462,34.84113035,2.4125,1017,1136,1322,1103
113.0643013,34.84410896,3.9975,1043,1185,1362,983
113.06528,34.8432451,2.195,1044,1165,1365,1028
113.0615936,34.84038976,7.93,1018,1150,1291,1039
113.0686983,34.8462971,1.993333333,1066,1182,1371,1002
113.0749603,34.83795384,1.88,1011,1154,1329,1035
113.0627177,34.84407064,0.9875,1054,1176,1380,991
113.0695372,34.85179622,3.315,1087,1224,1479,1243
113.0600198,34.84015578,4.025,1033,1157,1346,1025
113.0667743,34.84873852,2.5625,1084,1256,1425,965
113.0609731,34.83979205,4.66,1056,1153,1419,1310
113.0673925,34.84774627,4.34,1052,1166,1366,1024
113.063261,34.84146967,2.2325,1001,1136,1325,1087
113.0634952,34.83983412,1.51,1001,1136,1264,901
113.0597145,34.84094475,0.785,1050,1174,1368,993
113.0609067,34.84181671,0.883333333,1060,1194,1378,984
113.0696748,34.84992762,2.795,1056,1156,1345,1086
113.0722553,34.84981766,2.5275,1060,1186,1384,973
113.0643186,34.84252587,2.59,1017,1145,1343,1061
113.060448,34.84119604,1.955,1044,1194,1371,984
113.0635887,34.83972656,1.285,984,1111,1189,873
113.0631737,34.84096368,1.125,1017,1124,1322,1092
113.0658864,34.84664721,4.06,1061,1205,1374,967
113.0635349,34.83951702,1.7475,884,998,972,737
113.0726552,34.8490062,2.0625,1055,1170,1367,1031
113.0658386,34.83839133,3.9225,1091,1305,1555,2217
113.0625653,34.84333744,3.0125,1048,1159,1362,982
113.0633608,34.84421238,3.62,1046,1165,1355,1010
113.06507,34.8461746,3.555,1067,1188,1384,976
113.0634713,34.83990549,1.51,1001,1136,1264,901
113.0627407,34.84288816,4.745,1044,1177,1364,964
113.0608103,34.84158883,1.9575,1066,1177,1382,961
113.0587298,34.83857366,6.1375,1039,1132,1339,1076
113.0620065,34.84314043,0.26,1055,1207,1389,955
113.0698922,34.85169143,5.0075,1070,1212,1392,1047
113.0717781,34.83765655,1.52,1090,1242,1442,1604
113.0702094,34.83840736,2.415,1035,1162,1363,1094
113.0581617,34.82913675,3.2625,812,866,819,798
113.0583856,34.82912339,3.1825,806,853,798,756
113.0716537,34.85061955,2.15,1025,1167,1357,1029
113.0720662,34.85018981,1.27,1053,1188,1371,1029
113.0621598,34.84051457,1.375,979,1099,1215,973
113.0580459,34.82916451,3.4475,812,866,819,798
113.0656392,34.84597474,3.88,1069,1195,1381,953
113.0639174,34.84523105,2.4175,1048,1202,1388,1010
113.0637379,34.8393923,2.5075,956,1068,1116,1061
113.0597182,34.84095242,0.78,1050,1174,1368,993
113.0587336,34.83853025,6.29,1039,1132,1339,1076
113.0638805,34.84360133,3.88,1028,1157,1364,1002
113.0620889,34.84031845,2.615,884,1003,984,768
113.0646377,34.84528162,4.5325,1058,1195,1367,981
113.0598518,34.84095702,1.3175,1050,1174,1368,993
113.0697999,34.85171902,4.6475,1082,1216,1428,1154
113.0615608,34.84227964,2.805,1061,1194,1375,964
113.0622582,34.8430508,3.185,1044,1165,1360,1011
113.0643355,34.84255809,2.575,1017,1145,1343,1061
113.0636699,34.83941159,3.74,884,980,968,833
113.0642469,34.84562861,2.2725,1058,1216,1399,1056
113.0667156,34.8469375,4.245,1037,1155,1357,1036
113.072079,34.85021881,1.4125,1053,1188,1371,1029
113.06577,34.84565823,4.1575,1041,1157,1370,1004
113.0630118,34.83963816,1.725,917,998,975,714
113.0596588,34.84063854,1.62,1044,1195,1368,1007
113.0584046,34.83959896,0.93,1027,1164,1338,1055
113.072096,34.84964112,2.23,1049,1194,1388,977
113.0619867,34.84004235,3.55,879,978,951,917
113.0625551,34.84109592,2.925,1006,1120,1329,1093
113.0634028,34.83961531,1.585,884,998,972,737
113.0693205,34.83855455,2.955,1017,1174,1326,1164
113.065042,34.84401417,4.26,1032,1143,1348,1063
113.0624036,34.83965472,2.275,823,890,836,726
113.0643095,34.84583292,1.49,1080,1199,1442,1042
113.0583783,34.84012346,2.08,1032,1164,1346,1059
113.0629997,34.84298491,3.67,1032,1172,1366,959
113.0609747,34.84105398,4.3975,1044,1177,1356,998
113.0634136,34.83903211,3.3925,890,1022,950,1957
113.0703672,34.85129365,3.665,1037,1161,1353,1075
113.0680751,34.84492017,1.613333333,1028,1149,1347,1048
113.0584006,34.83991822,1.1125,1038,1173,1349,1045
113.0618713,34.83777658,3.2425,835,878,808,815
113.0625289,34.83882323,3.1275,818,869,793,724
113.0719762,34.84980295,2.4975,1060,1186,1384,973
113.0655135,34.84393813,2.76,1039,1153,1357,1027
113.0609317,34.84113835,4.1475,1033,1169,1367,998
113.0628386,34.83998282,1.36,918,1024,1027,740
113.07192,34.83847057,2.1075,1026,1179,1339,1149
113.0630998,34.83922772,2.9725,823,892,816,781
113.0583939,34.82912312,3.215,806,853,798,756
113.0642552,34.84318767,3.675,994,1132,1339,1058
113.0612434,34.83819683,3.305,830,886,848,861
113.065872,34.84668336,4.125,1072,1180,1377,976
113.0610313,34.84089762,5.2175,1033,1178,1365,997
113.066073,34.84533018,4.795,1044,1156,1352,1051
113.0618444,34.83779113,3.3175,802,865,794,736
113.0616453,34.84045846,7.665,1018,1150,1291,1039
113.0640085,34.84008659,0.64,1040,1178,1366,1022
113.0652388,34.84607808,4.565,1050,1201,1384,976
113.0647701,34.83890751,2.2775,985,1146,1234,1444
113.0637394,34.83938982,2.4775,956,1068,1116,1061
113.0625697,34.83881169,3.185,795,884,791,739
113.0678531,34.84693154,2.7475,1047,1166,1366,1033
113.0656254,34.84455187,4.45,1055,1161,1364,1060
113.0671906,34.84555773,2.8325,1066,1194,1374,1032
113.0655909,34.84756299,1.7125,1086,1196,1419,1034
113.061818,34.8401802,3.27,940,1146,1186,1076
113.0606264,34.84009767,7.5375,1022,1144,1361,1058
113.0631561,34.84454593,1.5475,1069,1203,1402,1019
113.0671231,34.84580655,3.0375,1060,1169,1370,1037
113.0671874,34.848618,3.77,1073,1218,1399,979
113.0675225,34.84838089,3.7975,1050,1180,1370,1007
113.0635051,34.8398177,1.52,1001,1136,1264,901
113.069249,34.84886437,2.355,1063,1175,1373,1035
113.065639,34.84723145,2.6025,1074,1179,1379,1020
113.0667471,34.84622352,3.965,1031,1138,1361,1040
113.0632879,34.83963933,1.6625,934,1027,1059,765
113.0601055,34.83977181,5.8825,1017,1157,1339,1049
113.0692996,34.85006642,3.89,1051,1177,1356,1077
113.0598158,34.83956969,6.47,1039,1157,1343,1053
113.0619308,34.83904124,2.74,829,898,829,771
113.0632418,34.83981354,1.8075,990,1136,1192,845
113.0604509,34.84121739,1.855,1044,1194,1371,984
113.0616096,34.84127062,5.0525,1028,1174,1347,995
113.0650596,34.8461821,3.48,1067,1188,1384,976
113.0633643,34.83955274,1.89,856,981,921,709
113.0640174,34.84446288,4.1025,1054,1189,1377,974
113.0619739,34.84283059,2.3525,1044,1161,1357,1011
113.0614524,34.84177086,4.805,1033,1185,1371,970
113.0672466,34.84680062,3.855,1054,1167,1361,1031
113.0702107,34.83852123,3.09,1032,1153,1324,1072
113.0620428,34.83769596,2.9375,830,886,844,927
113.0618336,34.84102545,6.0125,1012,1153,1343,1047
113.0632002,34.83912315,3.7175,823,897,820,865
113.0626119,34.84061531,1.0975,985,1112,1240,955
113.0684297,34.84668648,2.5325,1038,1177,1377,1020
113.0637648,34.8424768,3.6775,1028,1162,1350,1071
113.0631236,34.84009072,1.58,990,1115,1214,831
113.0687541,34.84740679,2.5175,1038,1164,1377,1039
113.06482,34.84436303,4.1525,1015,1151,1351,1039
113.0722313,34.84947333,2.835,1055,1186,1378,1003
113.0594813,34.84035432,1.2475,1050,1182,1368,1002
113.0587201,34.83825568,8.1975,1033,1152,1350,1137
113.0690071,34.84722699,1.8575,1049,1181,1355,1002
113.0627419,34.84090061,1.52,1000,1141,1325,1089
113.0660901,34.84845448,1.6625,1105,1272,1471,1006
113.0635003,34.83982451,1.5175,1001,1136,1264,901
113.0600316,34.84077163,2.2075,1039,1190,1372,993
113.0577205,34.82920883,3.5625,907,1008,1072,1264
113.0600552,34.84081887,2.06,1061,1199,1365,993
113.0686898,34.85053003,3.81,1045,1220,1405,1059
113.0716125,34.8492336,2.3275,1048,1185,1376,985
113.0605089,34.84148196,0.5225,1027,1164,1346,1040
113.0638871,34.83949335,3.8075,984,1153,1257,938
113.0634215,34.83900591,1.125,890,1022,950,1957
113.0627155,34.84265831,4.8975,1033,1194,1360,992
113.0639113,34.8417733,2.2075,1028,1170,1350,1080
113.0610879,34.84110094,4.5025,1021,1169,1360,998
113.0697588,34.84853189,2.3275,1048,1180,1386,996
113.0584213,34.83950618,1.005,1027,1164,1338,1055
113.0584567,34.83996753,1.09,1032,1164,1346,1059
113.0725069,34.83803224,1.725,990,1145,1327,1021
113.0665645,34.84826644,2.9225,1095,1218,1421,988
113.0600855,34.83993422,5.2875,1033,1144,1343,1039
113.0693647,34.84569265,1.73,1040,1141,1344,1082
113.0613113,34.84091704,5.56,1035,1175,1352,1015
113.0647117,34.84270553,2.86,1022,1132,1349,1058
113.0648175,34.84355904,3.555,1022,1165,1346,1053
113.0598098,34.83941459,6.385,1039,1157,1343,1067
113.0658731,34.84668142,3.9325,1072,1180,1377,976
113.062164,34.84170503,4.92,1051,1174,1369,1009
113.0630752,34.83875144,4.1075,895,985,903,1905
113.0712275,34.85090763,1.9,1024,1170,1365,1072
113.0621677,34.84173264,5.1025,1051,1174,1369,1009
113.0600604,34.84082652,2.0725,1061,1199,1365,993
113.06308,34.83980086,1.4575,956,1078,1106,765
113.0688314,34.84851368,3.355,1031,1167,1357,1038
113.0593302,34.83925068,5.615,1022,1128,1329,1067
113.071796,34.8498352,2.625,1036,1188,1382,977
113.0619553,34.83779312,3.1775,824,865,801,764
113.0703889,34.8478043,2.1175,1071,1211,1388,963
113.0624676,34.84062732,1.2975,985,1104,1233,950
113.0632459,34.83956762,1.6825,856,981,921,709
113.070872,34.85081053,2.86,1047,1167,1353,1080
113.0679751,34.84673353,2.85,1044,1161,1367,1030
113.0622103,34.83997315,1.8725,840,927,875,773
113.0638951,34.84017739,0.6725,1057,1170,1369,1022
113.061923,34.8390436,2.7675,829,898,829,771
113.064498,34.84373903,5.2025,1022,1132,1349,1063
113.064515,34.84294826,2.9225,1022,1157,1346,1053
113.0621948,34.8410068,4.015,1012,1141,1336,1070
113.062357,34.84360455,2.03,1054,1214,1391,931
113.0587615,34.82910275,3.3175,805,863,801,866
113.0613143,34.84238915,1.79,1059,1179,1369,1025
113.0651297,34.84301106,2.1425,1022,1161,1353,1030
113.0647028,34.84403814,4.255,1026,1160,1344,1072
113.0610745,34.84110474,4.46,1021,1169,1360,998
113.0597239,34.83900389,7.6325,1033,1165,1357,1156
113.0624518,34.84076713,1.375,1012,1125,1294,1057
113.071804,34.84925336,2.4,1048,1185,1376,985
113.0607097,34.83984347,8.775,1033,1153,1354,1137
113.0587904,34.83892541,5.875,1027,1119,1317,1085
113.0617996,34.8401912,2.9925,940,1146,1186,1076
113.064816,34.83904351,2.78,991,1125,1277,1206
113.0667114,34.84878256,2.26,1106,1252,1436,969
113.0658837,34.84665575,4.075,1061,1205,1374,967
113.062707,34.84006873,1.345,918,1024,1027,740
113.0631983,34.84286338,3.8375,1050,1156,1357,1001
113.0620379,34.83913665,2.8825,824,881,825,785
113.0615798,34.84139973,5.1975,1039,1166,1351,1009
113.0702999,34.84941786,1.9125,1037,1193,1362,1046
113.064073,34.84217951,2.175,1012,1157,1336,1080
113.063817,34.84365195,3.6225,1033,1190,1375,960
113.0619925,34.84084304,5.4075,1000,1141,1325,1079
113.0622885,34.84163526,5.75,1028,1149,1343,1056
113.0594664,34.83918999,5.93,1017,1144,1336,1063
113.062351,34.8405693,1.17,985,1104,1233,950
113.06434,34.84505463,4.2975,1041,1178,1374,990
113.0637848,34.83933707,3.7,956,1068,1116,1061
113.0611201,34.84013852,7.1925,1024,1158,1399,1291
113.0749076,34.83832481,1.0575,1022,1154,1358,1110
113.0640989,34.84261257,3.9425,1023,1157,1347,1075
113.0628311,34.84057986,0.89,1007,1125,1291,969
113.0597176,34.84095195,0.765,1050,1174,1368,993
113.0686788,34.83852503,2.1,1112,1245,1448,1565
113.0626318,34.84327704,3.4975,1054,1163,1369,987
113.0624945,34.8416886,5.005,1028,1149,1354,1051
113.0609021,34.83970297,5.1175,1056,1153,1419,1310
113.0620806,34.84008512,2.9675,879,978,951,917
113.0622897,34.83771749,3.6825,846,962,895,1399
113.0619469,34.84008102,3.9825,879,978,951,917
113.0638847,34.83932442,5.3325,1018,1178,1264,1341
113.0637168,34.84370508,3.6575,1033,1190,1375,960
113.0625622,34.83969966,2.045,840,898,828,693
113.0615359,34.84145144,4.9075,1039,1166,1351,1009
113.0664848,34.84643106,4.055,1037,1163,1354,1040
113.0614244,34.8381987,3.265,830,886,848,861
113.0738774,34.838266,1.625,1005,1158,1325,1025
113.0617614,34.84130544,5.7975,1039,1166,1351,1009
113.0725145,34.83775429,1.5725,1046,1196,1392,1277
113.0622671,34.84310688,3.03,1044,1165,1360,1011
113.0658674,34.84669952,3.9725,1072,1180,1377,976
113.0632676,34.83956104,1.7025,856,981,921,709
113.0696091,34.85177526,4.0625,1076,1203,1418,1098
113.0616871,34.83804062,3.1475,808,874,794,731
113.0679111,34.84824399,4.4125,1039,1160,1370,1011
113.0622816,34.84163231,6.2175,1028,1149,1343,1056
113.0614672,34.83792853,3.1025,824,878,794,722
113.0725221,34.83766586,1.68,1046,1196,1392,1277
113.0667534,34.84692438,3.88,1037,1155,1357,1045
113.0661304,34.84686488,3.785,1059,1222,1383,947
113.0631422,34.83974628,1.5,917,998,975,714
113.0663714,34.84690873,4.0425,1059,1222,1383,947
113.0669381,34.84612035,3.545,1042,1184,1365,1036
113.0597152,34.84094466,0.7975,1050,1174,1368,993
113.0635394,34.83978126,1.395,956,1082,1127,817
113.0646388,34.84470435,4.3825,1060,1176,1380,946
113.0601035,34.83988667,5.88,1033,1144,1343,1039
113.0714905,34.84844342,1.4175,1044,1211,1370,954
113.0605641,34.8404585,5.3325,1022,1153,1354,1035
113.0620875,34.84313556,0.6625,1044,1198,1360,997
113.0624918,34.83976156,2.205,823,890,836,726
113.06318,34.84424383,2.5525,1041,1169,1359,1001
113.0621911,34.84045099,1.4675,884,1003,984,768
113.0641782,34.83990109,0.595,1046,1195,1369,1013
113.0749153,34.83831209,1.0525,1022,1154,1358,1110
113.0616814,34.8411787,5.6975,1028,1174,1347,995
113.0635092,34.84299276,4.9225,1037,1159,1344,1005
113.0697128,34.85176674,4.085,1076,1203,1418,1098
113.073253,34.83773705,1.525,1029,1166,1363,1123
113.0603618,34.84110451,2.0425,1056,1190,1365,997
113.0631803,34.84095718,1.1975,1017,1124,1322,1092
113.0701916,34.8385883,3.1575,1032,1153,1324,1072
113.0638889,34.8452292,2.0025,1048,1202,1388,1010
113.0602052,34.84118682,1.3875,1044,1194,1371,984
113.0584846,34.84006355,1.025,1032,1164,1346,1059
113.0700298,34.84813514,1.9125,1083,1215,1399,968
113.0631399,34.84461454,1.3725,1069,1203,1402,1019
113.0607835,34.84146954,2.23,1049,1198,1378,980
113.0621886,34.83766218,3.24,830,886,844,927
113.0664141,34.84497405,3.8175,1066,1165,1363,1037
113.0673396,34.84858412,3.89,1073,1210,1399,983
113.0623864,34.83986846,1.7575,845,915,854,712
113.0607748,34.84145895,3.0975,1049,1198,1378,980
113.0580916,34.82915395,3.3725,812,866,819,798
113.063657,34.83942028,3.795,884,980,968,833
113.0692222,34.85013124,4.23,1045,1164,1345,1077
113.0627672,34.83971144,2.49,845,914,842,691
113.0683899,34.84642475,2.435,1044,1170,1371,1007
113.0739149,34.83843935,1.2325,1016,1166,1332,1062
113.0662423,34.84524064,3.815,1032,1165,1359,1051
113.0695917,34.84801065,2.2375,1048,1180,1386,986
113.0709496,34.84982831,2.7225,1025,1159,1353,1052
113.0604757,34.84152285,0.5675,1027,1164,1346,1040
113.0725251,34.83846082,2.0475,1043,1191,1336,1322
113.0647059,34.84417442,4.12,1032,1155,1355,1030
113.0627281,34.84060218,1.0125,1007,1125,1291,969
113.062843,34.83934536,2.1575,828,892,809,669
113.0620221,34.84116329,5.6975,1034,1157,1343,1023
113.0629194,34.84105575,1.756666667,1017,1136,1322,1103
113.0584417,34.84015965,0.8975,1032,1164,1353,1055
113.0652646,34.84511278,4.56,1025,1174,1352,1032
113.0705824,34.84764685,1.845,1044,1161,1381,1038
113.0686763,34.84619433,2.116666667,1066,1182,1371,1002
113.0607669,34.84138395,3.33,1049,1198,1378,980
113.0642758,34.84243185,2.775,1028,1141,1343,1071
113.0583689,34.84014049,1.82,1032,1164,1353,1055
113.0629973,34.8399502,1.395,901,1015,1008,723
113.0671178,34.84591234,2.98,1026,1163,1372,1054
113.0584593,34.83928801,2.1325,1027,1143,1328,1073
113.0637072,34.83962125,1.4175,917,1011,1044,793
113.0619954,34.83785605,3.325,824,865,801,764
113.058221,34.82912548,3.2,806,857,808,789
113.0608906,34.84125791,3.785,1033,1169,1367,998
113.0636729,34.84372952,3.715,1032,1210,1355,949
113.0622182,34.84099725,3.6775,1034,1136,1325,1084
113.0720801,34.84964926,2.0575,1071,1211,1391,963
113.0720669,34.84963461,2.3075,1071,1211,1391,963
113.0619406,34.84008667,4.2025,879,978,951,917
113.0697342,34.85175408,4.22,1076,1203,1418,1098
113.061284,34.84122955,4.6925,1038,1152,1353,994
113.0608945,34.84030158,7.4725,1039,1165,1346,1114
113.0621205,34.83979631,2.33,840,919,861,777
113.0612849,34.83798905,3.2675,819,874,819,801
113.0608037,34.84131068,3.6475,1049,1198,1378,980
113.0597437,34.83882627,8.935,1039,1161,1390,1214
113.0614276,34.83806283,3.225,819,874,819,801
113.0605776,34.84131309,1.665,1066,1198,1375,998
113.0587218,34.83805163,8.8325,1039,1161,1361,1207
113.0614693,34.84151764,4.54,1051,1183,1365,986
113.0632104,34.84186917,3.73,1039,1145,1347,1071
113.0587904,34.83947898,2.2775,1044,1160,1338,1050
113.0692109,34.85014093,4.09,1045,1164,1345,1077
113.0620832,34.84111179,5.9625,1012,1141,1336,1070
113.0718742,34.85045932,2.0875,1036,1163,1364,1029
113.0702493,34.84852843,2.3475,1044,1165,1377,977
113.0684466,34.84639392,2.385,1050,1165,1389,997
113.068939,34.84731372,2.0325,1049,1181,1355,1002
113.0703795,34.85170221,4.3825,1054,1178,1374,1056
113.0635268,34.84269036,3.9025,1028,1145,1332,1075
113.0584248,34.83947958,1.0425,1027,1164,1338,1055
113.0664069,34.84410464,1.5175,1039,1178,1357,1022
113.0724995,34.84906295,3.115,1027,1157,1364,1054
113.0581817,34.82913213,3.2475,806,857,808,789
113.0617456,34.84194355,3.665,1039,1162,1361,967
113.0633576,34.83894578,1.435,867,959,885,1598
113.0729889,34.84888672,0.8675,1033,1182,1371,1031
113.0643266,34.84510831,4.445,1041,1178,1374,990
113.063239,34.84059356,0.9125,1012,1149,1330,1055
113.0586163,34.83979342,1.29,1049,1169,1353,1036
113.0721903,34.84985127,1.9125,1060,1198,1377,991
113.0600306,34.84072939,2.465,1039,1190,1372,993
113.0583868,34.83990401,1.08,1038,1173,1349,1045
113.0726312,34.84874649,1.16,1055,1178,1371,1021
113.0638042,34.83940169,2.84,956,1068,1116,1061
113.0657818,34.8446389,3.4975,1022,1148,1368,1050
113.0614434,34.84057594,7.7525,1029,1141,1313,1025
113.0618294,34.84217359,3.5175,1061,1194,1375,964
113.0623721,34.83887194,3.2075,818,869,793,724
113.0584431,34.8401558,0.8975,1032,1164,1353,1055
113.0732546,34.8379786,2.0025,1010,1158,1343,1039
113.0634944,34.84233846,4.175,1017,1141,1339,1071
113.0637784,34.83934314,3.36,956,1068,1116,1061
113.0627365,34.83874983,3.0525,823,880,809,903
113.063781,34.84245316,3.6775,1034,1136,1343,1075
113.0615388,34.8379986,3.12,808,874,794,731
113.0585971,34.8291084,3.4225,799,859,794,769
113.0630282,34.84249337,5.135,1022,1161,1349,1039
113.0603438,34.84123752,1.785,1044,1194,1371,984
113.064347,34.84526399,4.32,1041,1199,1374,1014
113.0614054,34.8421898,2.605,1042,1171,1366,992
113.064088,34.84306495,4.0775,1033,1127,1339,1063
113.062417,34.8376558,2.2825,846,962,895,1399
113.062702,34.8391513,3.0025,828,888,802,688
113.0606472,34.84138065,2.6725,1066,1198,1375,998
113.0618152,34.84218203,3.4925,1061,1194,1375,964
113.0656,34.84391304,2.2925,1039,1165,1360,1018
113.0606997,34.84125299,2.575,1044,1194,1378,975
113.0607183,34.84142811,2.2375,1049,1198,1378,980
113.0601559,34.84107989,1.5775,1039,1182,1361,1002
113.0626841,34.84384161,1.045,1048,1155,1369,1010
113.0584125,34.840452,0.645,1037,1163,1359,1053
113.073292,34.8384,1.815,1032,1170,1340,1151
113.067835,34.84502248,1.9475,1050,1162,1347,1038
113.0660871,34.84426702,2.485,1039,1165,1371,1036
113.0602262,34.8413448,0.7875,1010,1152,1338,1045
113.0696717,34.84806609,2.3325,1048,1180,1386,986
113.0695615,34.84538542,1.35,1040,1175,1358,998
113.0701873,34.84791619,2.3925,1071,1211,1395,944
113.0642469,34.84320178,3.8675,994,1132,1339,1058
113.0642627,34.84541522,3.3425,1041,1178,1381,1037
113.0657784,34.84673322,4.1425,1072,1180,1377,976
113.0725295,34.83839825,2.11,1043,1183,1339,1075
113.0597108,34.84094265,0.7975,1050,1174,1368,993
113.0617198,34.8378824,3.5075,802,865,794,736
113.0637315,34.84170974,2.61,1039,1128,1350,1089
113.0677513,34.8470231,3.1575,1047,1174,1369,1038
113.0627318,34.84095997,1.4525,1000,1141,1325,1089
113.0602013,34.84134283,0.71,1010,1152,1338,1045
113.0637554,34.83935492,2.4725,956,1068,1116,1061
113.0633317,34.84065708,1.055,1012,1141,1336,1073
113.060275,34.8411799,1.75,1044,1194,1371,984
113.0637885,34.83939683,2.61,956,1068,1116,1061
113.0656487,34.84803161,1.4875,1175,1326,1574,1173
113.0629166,34.84002045,1.46,962,1086,1124,793
113.0623019,34.84088398,3.2575,1023,1132,1322,1079
113.0614314,34.83819351,3.2975,830,886,848,861
113.0693592,34.84681992,1.5475,1043,1143,1359,1044
113.0681387,34.84658106,2.6625,1039,1174,1364,1025
113.0639075,34.83929533,5.3125,1018,1178,1264,1341
113.0646532,34.84377825,4.4875,1017,1140,1349,1072
113.0696168,34.84995046,3.1275,1056,1156,1345,1086
113.0608861,34.83991564,7.7825,1022,1148,1365,1198
113.06168,34.84030615,3.31,1018,1150,1291,1039
113.0613811,34.84159954,4.3475,1051,1183,1365,986
113.0653994,34.84327276,2.07,1044,1165,1365,1028
113.0631477,34.83974162,1.5125,917,998,975,714
113.0706489,34.848818,2.35,1032,1185,1387,976
113.0613997,34.84216856,2.6475,1042,1171,1366,992
113.0630746,34.84292975,3.75,1050,1156,1357,1001
113.0621799,34.83986204,1.9225,840,919,861,777
113.0658033,34.84672692,4.1075,1072,1180,1377,976
113.0700454,34.8480726,2.055,1083,1215,1399,968
113.0675939,34.84832244,3.915,1056,1180,1367,988
113.0697623,34.84976055,4.0075,1041,1158,1359,1072
113.0635227,34.84443247,3.405,1041,1169,1373,1001
113.0596983,34.84091432,0.83,1050,1174,1368,993
113.063011,34.83865968,4.4175,851,905,838,1136
113.0608502,34.84171564,2.1725,1049,1169,1356,1026
113.0626223,34.84068668,0.955,1001,1133,1298,1057
113.064864,34.84260689,2.075,1017,1166,1336,1061
113.0632451,34.83912528,4.875,840,955,870,1220
113.0598647,34.84083972,1.42,1050,1174,1368,993
113.0614392,34.84154404,4.395,1051,1183,1365,986
113.0642761,34.84556539,2.9025,1058,1216,1399,1056
113.0690509,34.84594875,1.5625,1022,1149,1328,1063
113.0614136,34.84223213,2.585,1042,1171,1366,992
113.0611311,34.84010838,6.8625,1046,1150,1406,1361
113.0597482,34.83879154,9.1375,1039,1161,1390,1214
113.0723879,34.84917845,3.1875,1049,1157,1360,1040
113.0615066,34.84226622,2.715,1042,1171,1366,992
113.0669538,34.84461511,2.2425,1044,1203,1375,1004
113.062664,34.84429206,1.2475,1057,1207,1402,1001
113.064247,34.84526806,3.9875,1041,1199,1374,1014
113.0727516,34.84860369,0.7225,1038,1165,1364,1012
113.0586645,34.83972686,1.305,1049,1169,1353,1036
113.0651823,34.84733567,1.3175,1108,1280,1462,1071
113.0617464,34.84171448,3.9175,1034,1183,1351,991
113.0627526,34.84060843,0.9975,1007,1125,1291,969
113.070953,34.85087841,2.08,1040,1170,1358,1072
113.0613092,34.8422667,0.9175,1048,1192,1362,1030
113.0623738,34.84139821,4.745,1023,1141,1333,1056
113.0646772,34.84275377,2.575,1022,1132,1349,1058
113.0672953,34.84734068,3.255,1052,1141,1362,1052
113.063224,34.8447402,1.425,1074,1190,1395,991
113.0627387,34.84074398,1.105,1012,1125,1320,1053
113.0660515,34.84430937,3.065,1039,1165,1371,1036
113.0732457,34.83760617,2.4,1079,1250,1428,1580
113.0664657,34.84404142,1.325,1039,1178,1357,1022
113.0730418,34.84880794,1.125,1055,1165,1371,1035
113.0598428,34.84056431,2.255,1044,1190,1379,988
113.0700076,34.84826277,1.88,1060,1207,1392,968
113.0680996,34.83839873,2.6075,1017,1174,1326,1383
113.0637965,34.83931325,4.3025,956,1068,1116,1061
113.063467,34.83904081,1.303333333,890,1022,950,1957
113.0623493,34.84373261,1.4075,1048,1230,1384,935
113.0683033,34.8498125,3.6175,1060,1182,1382,982
113.06044,34.84150794,0.53,1027,1164,1346,1040
113.0658647,34.83853906,1.58,1074,1192,1385,1290
113.0628919,34.84088316,1.815,1000,1141,1325,1089
113.0614243,34.84214548,2.7475,1042,1171,1366,992
113.0671788,34.84861956,3.715,1073,1218,1399,979
113.0649104,34.8392049,2.4525,1018,1146,1335,1145
113.0601272,34.84117011,1.245,1021,1169,1349,1022
113.0578457,34.82919568,3.7425,806,903,859,910
113.0587097,34.83814976,8.39,1033,1152,1350,1137
113.0667445,34.84875703,2.41,1084,1256,1425,965
113.0598146,34.83947283,6.1325,1039,1157,1343,1053
113.0635583,34.84042058,1.225,1023,1153,1337,1050
113.0725065,34.83802051,1.725,990,1145,1327,1021
113.0628629,34.84090742,1.1,1000,1141,1325,1089
113.0600374,34.84082628,2.0,1061,1199,1365,993
113.0606621,34.84144433,2.61,1066,1198,1375,998
113.0617771,34.83781907,3.42,802,865,794,736
113.0678294,34.84695591,2.9525,1047,1166,1366,1033
113.0627355,34.84153488,4.5375,1023,1128,1333,1084
113.064622,34.84471522,4.3775,1060,1176,1380,946
113.0641189,34.84218585,1.895,1012,1157,1336,1080
113.0622332,34.84135036,5.0125,1023,1141,1333,1056
113.062997,34.83932105,2.33,812,888,802,688
113.0636313,34.83934447,3.3575,884,980,968,833
113.068021,34.84489639,1.6825,1039,1149,1343,1052
113.0624996,34.84069799,1.395,1012,1125,1294,1057
113.0645561,34.84370892,4.91,1017,1140,1349,1072
113.0613773,34.84058912,7.3625,1029,1141,1313,1025
113.0689309,34.84609081,1.415,1039,1149,1342,1063
113.0721991,34.84953907,2.39,1049,1194,1388,977
113.0613915,34.84223126,1.26,1042,1171,1366,992
113.0603396,34.84124478,1.75,1044,1194,1371,984
113.0637492,34.83936072,2.27,956,1068,1116,1061
113.063137,34.84464359,1.3925,1069,1203,1402,1019
113.0715683,34.848395,1.345,1044,1211,1370,954
113.0644987,34.84363292,3.97,1011,1132,1346,1077
113.0627857,34.84037129,1.2,1012,1116,1219,880
113.0748972,34.8383425,0.9625,1022,1154,1358,1110
113.0640978,34.84516475,3.9525,1041,1187,1370,1032
113.0672938,34.84650144,3.525,1037,1176,1368,1036
113.0599206,34.83870169,6.135,1083,1228,1498,1578
113.0624216,34.83984114,1.77,845,915,854,712
113.0671473,34.84669751,4.1,1048,1172,1354,1050
113.0637525,34.83935963,2.3725,956,1068,1116,1061
113.0633601,34.84196135,4.05,1039,1145,1347,1071
113.0656003,34.84551267,3.9925,1041,1157,1370,1004
113.0727177,34.84861268,0.74,1038,1165,1364,1012
113.0630796,34.84252436,5.8725,1022,1161,1349,1039
113.0608988,34.84118618,3.7375,1033,1169,1367,998
113.0669381,34.84866072,3.2525,1073,1218,1399,979
113.062897,34.8405331,1.0375,1012,1128,1304,985
113.0587803,34.83924569,3.3175,999,1118,1324,1101
113.0646131,34.84286112,2.2425,1022,1153,1349,1030
113.0621655,34.83889499,3.16,835,873,807,724
113.0658731,34.84668142,3.9325,1072,1180,1377,976
113.061834,34.83943326,2.5475,846,932,905,1060
113.0630812,34.84251749,5.8375,1022,1161,1349,1039
113.0646865,34.84372543,4.3175,1017,1140,1349,1072
113.068646,34.84622838,2.445,1066,1182,1371,1002
113.0605546,34.84145114,1.066666667,1066,1198,1375,998
113.0613143,34.84238915,1.79,1059,1179,1369,1025
113.071805,34.85050358,1.955,1036,1163,1364,1029
113.0605008,34.84052148,4.5925,1033,1161,1354,1016
113.0717699,34.83760872,1.685,1152,1351,1543,2098
113.0679002,34.84496073,1.61,1039,1149,1343,1052
113.0639619,34.8392696,4.2225,1073,1257,1297,1891
113.0627548,34.84066653,1.145,1012,1125,1320,1053
113.0651843,34.84609744,4.32,1061,1171,1388,958
113.0625495,34.84161286,4.945,1017,1136,1343,1084
113.0686139,34.84626283,2.21,1066,1182,1371,1002
113.0626125,34.84345236,3.36,1048,1159,1362,982
113.0653393,34.84688186,2.6325,1067,1205,1410,1018
113.0585601,34.82911292,3.4075,799,859,794,769
113.0597101,34.84092483,0.8225,1050,1174,1368,993
113.0724964,34.84938711,2.465,1049,1161,1371,1026
113.0620788,34.84174602,4.285,1051,1174,1369,1009
113.0635136,34.84207327,3.79,1028,1132,1347,1071
113.0673865,34.8485187,3.4975,1073,1210,1399,983
113.0738616,34.83838699,1.3725,1016,1166,1332,1062
113.0598603,34.8409706,1.2825,1044,1148,1346,1039
113.0633303,34.83975326,1.5625,934,1027,1059,765
113.0634025,34.83913068,4.845,890,993,964,1066
113.0577385,34.82920721,3.73,907,1008,1072,1264
113.0698361,34.85171094,4.8575,1082,1216,1428,1154
113.0636868,34.84256448,3.8825,1028,1162,1350,1071
113.064763,34.84418107,4.1225,1021,1147,1333,1058
113.0629917,34.83926222,2.705,806,880,798,711
113.0604183,34.84157605,0.495,1027,1164,1346,1040
113.0714555,34.85077778,2.0625,1053,1151,1360,1047
113.0601575,34.83930419,6.905,1028,1149,1354,1170
113.0620967,34.84185035,5.0525,1045,1183,1369,958
113.06248,34.83957588,2.2525,824,902,825,720
113.0596318,34.84073974,1.3775,1044,1195,1368,1007
113.0656466,34.84721353,2.71,1074,1179,1379,1020
113.0651029,34.84516808,4.145,1053,1195,1374,944
113.0732493,34.83767496,1.7125,1029,1166,1363,1123
113.0646808,34.84364422,3.91,1017,1140,1342,1063
113.0693292,34.83861678,2.9025,1017,1174,1326,1164
113.06365,34.84161261,2.6525,1034,1132,1336,1101
113.0633867,34.83903651,4.3775,890,1022,950,1957
113.0676034,34.84736771,3.32,1052,1162,1355,1019
113.0699432,34.84845075,1.975,1049,1169,1385,977
113.0584007,34.84030315,0.6675,1037,1163,1359,1053
113.0617517,34.8422181,3.3,1061,1194,1375,964
113.0612174,34.83802992,3.365,819,874,819,801
113.0623536,34.83925604,3.1375,818,890,804,720
113.0652931,34.84698565,2.0375,1067,1205,1410,1018
113.0601202,34.83965949,6.8225,1017,1157,1339,1049
113.0722837,34.84974469,2.2475,1049,1211,1391,963
113.0638013,34.84024788,0.6825,1034,1157,1348,1045
113.0698622,34.84849718,2.4775,1059,1188,1386,991
113.0600283,34.84074968,2.295,1039,1190,1372,993
113.0714662,34.85076933,2.096666667,1053,1151,1360,1047
113.068632,34.84624382,2.4225,1066,1182,1371,1002
113.0608532,34.84125381,3.64,1044,1194,1378,975
113.0658369,34.83855686,1.9925,1074,1192,1385,1290
113.0644839,34.84362769,3.8325,1011,1132,1346,1077
113.0684762,34.8481509,3.1775,1048,1209,1368,1019
113.0645031,34.84295416,3.05,1022,1157,1346,1053
113.0634808,34.83954903,1.6,884,998,972,737
113.0696297,34.84803644,2.3525,1048,1180,1386,986
113.0647291,34.84268605,2.87,1033,1144,1349,1044
113.0680022,34.84489031,1.6925,1039,1149,1343,1052
113.0681507,34.84657218,2.6225,1039,1174,1364,1025
113.0610684,34.84175882,2.5525,1049,1185,1367,980
113.0622721,34.83977815,2.4725,823,890,836,726
113.0671599,34.84671192,3.93,1048,1172,1354,1050
113.0620407,34.83776482,3.0075,830,886,844,927
113.0648182,34.83906207,2.5225,991,1125,1277,1206
113.0621976,34.83998679,1.8275,879,978,951,917
113.0634559,34.84205032,3.8775,1028,1132,1347,1071
113.0657711,34.84702426,3.6425,1056,1184,1377,1009
113.0681007,34.84807902,3.82,1059,1184,1364,1028
113.0676659,34.84824763,4.025,1056,1180,1367,988
113.0706293,34.84915935,2.9125,1043,1181,1376,990
113.0730254,34.84884847,0.995,1033,1182,1371,1031
113.0666383,34.84693993,4.2675,1037,1155,1357,1036
113.0645325,34.84370325,4.13,1022,1132,1349,1063
113.0617492,34.83782636,3.43,802,865,794,736
113.063804,34.83929933,4.54,956,1068,1116,1061
113.0676634,34.8470919,3.09,1041,1195,1362,1033
113.0644961,34.8442544,4.745,1032,1155,1355,1030
113.0646438,34.84374282,4.5075,1017,1140,1349,1072
113.0674465,34.84630013,2.925,1048,1167,1365,1026
113.0634373,34.83900122,0.945,890,1022,950,1957
113.059986,34.84036165,3.1975,1039,1161,1361,1021
113.0691687,34.84880524,2.475,1059,1176,1371,1028
113.0601221,34.83903072,6.0475,1028,1136,1343,1221
113.0631852,34.84472885,1.37,1057,1203,1424,1043
113.0656082,34.84737478,2.24,1069,1226,1393,1034
113.063878,34.84473624,3.9,1049,1172,1380,983
113.0585252,34.8398311,1.04,1049,1148,1356,1031
113.0585863,34.83976969,1.0925,1049,1169,1353,1036
113.0616216,34.83789677,3.22,824,878,794,722
113.0637986,34.83940905,2.505,956,1068,1116,1061
113.0712134,34.85035666,2.5675,1047,1138,1353,1066
113.0692144,34.84769448,2.4525,1053,1176,1379,1010
113.0647224,34.84477133,3.9525,1038,1181,1362,993
113.0659771,34.8444493,3.3725,1039,1169,1371,1036
113.073849,34.83777174,1.895,1046,1145,1348,1090
113.0596648,34.83906045,7.0825,1050,1157,1354,1091
113.0587646,34.83962559,1.6875,1044,1160,1338,1050
113.0597696,34.83875474,9.055,1089,1224,1498,1466
113.0613133,34.84239031,1.765,1059,1179,1369,1025
113.0701592,34.83866844,3.04,1026,1149,1328,1211
113.0608928,34.8399242,7.6325,1022,1148,1365,1198
113.0600245,34.84021317,3.5325,1000,1136,1350,1039
113.0706307,34.85118077,2.8425,1035,1145,1347,1072
113.0721731,34.8494634,2.425,1055,1186,1378,1003
113.0652214,34.84415608,5.2525,1032,1151,1340,1067
113.0699574,34.84843537,1.9475,1049,1169,1385,977
113.0637682,34.84409748,4.365,1054,1197,1380,951
113.0632424,34.84284109,3.865,1016,1144,1342,1048
113.0642835,34.84314325,3.7725,1005,1136,1342,1077
113.0693358,34.85004096,3.585,1051,1177,1356,1077
113.0653835,34.84327575,2.255,1044,1165,1365,1028
113.0707139,34.83804189,1.2625,1013,1175,1331,1299
113.061602,34.83786856,3.3625,824,878,794,722
113.0727664,34.8486061,0.72,1044,1165,1360,1026
113.0638776,34.83931083,5.1275,956,1068,1116,1061
113.0637506,34.83937066,2.335,956,1068,1116,1061
113.0629219,34.84078407,0.995,1012,1153,1325,1073
113.0609912,34.83989217,6.0425,1022,1148,1365,1198
113.062304,34.83761301,3.485,852,979,931,1697
113.0679823,34.8466947,2.6275,1044,1161,1367,1030
113.0649305,34.84391105,3.555,1043,1155,1348,1053
113.0648079,34.84434195,3.925,1015,1151,1351,1039
113.0607713,34.84144332,3.125,1049,1198,1378,980
113.062892,34.84224284,4.865,1033,1140,1346,1053
113.0675514,34.84720872,3.355,1030,1183,1362,1047
113.0660645,34.84685405,3.73,1059,1222,1383,947
113.0629585,34.83990035,1.3325,901,1015,1008,723
113.0633657,34.83953272,1.9175,856,981,921,709
113.065009,34.84421593,4.0775,1015,1155,1348,1072
113.0690005,34.84723692,1.9,1049,1181,1355,1002
113.0667838,34.84691143,3.7275,1037,1155,1357,1045
113.0643506,34.84409996,5.05,1043,1185,1362,983
113.0622268,34.84099154,3.7,1034,1136,1325,1084
113.0657867,34.84673113,4.12,1072,1180,1377,976
113.0596955,34.84063488,1.6875,1050,1207,1383,979
113.0637807,34.83934058,3.37,956,1068,1116,1061
113.0729119,34.8489219,0.8925,1033,1182,1371,1031
113.0657729,34.84673447,4.105,1072,1180,1377,976
113.0618397,34.84223115,3.2725,1061,1194,1375,964
113.0624521,34.84349502,2.2575,1048,1189,1362,949
113.0618276,34.84155069,4.9075,1034,1174,1358,1000
113.0621654,34.83767276,3.0275,830,886,844,927
113.0677613,34.84742776,3.715,1047,1178,1373,1015
113.0603183,34.84128287,1.4025,1044,1194,1371,984
113.063599,34.84263696,3.74,1028,1162,1350,1071
113.0612891,34.84186809,4.0175,1049,1181,1375,966
113.0624162,34.83886043,3.245,818,869,793,724
113.0632258,34.84219075,4.055,1027,1140,1335,1076
113.069321,34.83855918,3.0125,1017,1174,1326,1164
113.0622877,34.83989923,2.0725,840,919,861,777
113.0653229,34.8436723,2.7425,1033,1178,1367,1058
113.0589702,34.82912356,3.2875,805,863,801,866
113.0648984,34.84318453,2.895,1028,1144,1346,1030
113.071518,34.85074144,2.115,1053,1151,1360,1047
113.0631685,34.84452447,1.975,1069,1203,1402,1019
113.0714872,34.84919792,2.36,1048,1198,1391,966
113.0670816,34.84445472,1.33,1044,1169,1357,994
113.0697219,34.84810237,2.3225,1048,1180,1386,986
113.0615865,34.84041952,8.1625,1018,1150,1291,1039
113.0650498,34.84411452,3.95,1032,1143,1348,1063
113.0673338,34.84621085,3.015,1042,1159,1361,1026
113.0683782,34.84778776,4.18,1049,1156,1355,1030
113.0603473,34.84123104,1.835,1044,1194,1371,984
113.0671235,34.84584372,2.965,1026,1163,1372,1054
113.0618619,34.83782702,3.365,802,865,794,736
113.0621463,34.83774199,3.085,830,886,844,927
113.0626738,34.84428916,1.2475,1057,1207,1402,1001
113.067635,34.84742148,3.14,1052,1162,1355,1019
113.0721158,34.84987006,1.9375,1060,1198,1377,991
113.0623375,34.83883343,3.21,835,873,807,724
113.0627631,34.84277281,3.3775,1033,1194,1360,992
113.0588331,34.83910815,3.7325,1016,1152,1321,1081
113.0685785,34.84826381,2.8825,1048,1197,1361,1028
113.0648373,34.84329275,3.0375,1028,1136,1346,1049
113.0636429,34.84194407,3.5875,1039,1132,1347,1085
113.0637909,34.84366663,3.605,1033,1190,1375,960
113.0644753,34.84391598,3.9575,1026,1155,1344,1058
113.067324,34.83810374,3.3,1017,1178,1398,1888
113.0722332,34.84938883,2.51,1055,1186,1378,1003
113.062868,34.84091958,1.0725,1000,1141,1325,1089
113.0601354,34.83911221,7.0725,1028,1136,1343,1221
113.0706575,34.85116337,2.69,1035,1145,1347,1072
113.0619956,34.83981874,2.445,868,986,958,973
113.0646008,34.84288172,2.2275,1022,1153,1349,1030
113.0641403,34.84383546,4.915,1028,1157,1346,1035
113.0702393,34.84943828,2.0075,1037,1193,1362,1046
113.0656297,34.84785874,1.4225,1141,1301,1530,1113
113.0748827,34.83837424,0.8875,1022,1154,1358,1110
113.0687194,34.84627545,1.87,1066,1182,1371,1002
113.0704837,34.84926931,1.6375,1054,1177,1376,1018
113.0615293,34.84069042,7.285,1029,1129,1331,1043
113.063383,34.83992182,1.435,1001,1136,1264,901
113.0614853,34.83815527,3.24,830,886,848,861
113.0639969,34.8436064,5.1625,1028,1157,1364,1002
113.0717759,34.83759976,1.66,1152,1351,1543,2098
113.0671218,34.84668619,3.755,1048,1172,1354,1050
113.0619622,34.84240736,4.85,1050,1194,1389,941
113.0623736,34.84157391,5.6575,1028,1149,1343,1056
113.0677138,34.84514115,2.0125,1050,1162,1347,1038
113.0584343,34.83990246,1.0575,1038,1173,1349,1045
113.0645695,34.84359644,3.85,1017,1140,1342,1063
113.0620108,34.84207444,4.975,1039,1203,1364,955
113.0624176,34.83765116,2.06,846,962,895,1399
113.0658376,34.84671966,4.2575,1072,1180,1377,976
113.061129,34.8408635,5.5975,1033,1178,1365,997
113.0725072,34.83791802,1.65,1007,1137,1330,1040
113.067644,34.84826598,4.04,1056,1180,1367,988
113.0601254,34.84125388,0.655,1021,1169,1349,1022
113.0604924,34.84053404,4.5175,1033,1161,1354,1016
113.0616853,34.83916858,2.215,957,1129,1212,1480
113.0612422,34.84191713,3.555,1049,1181,1375,966
113.0598361,34.84077586,1.1925,1050,1207,1383,979
113.0618475,34.84185043,3.855,1039,1162,1361,967
113.0693199,34.83847628,2.9025,1017,1174,1326,1164
113.0659058,34.84574675,4.0475,1044,1165,1352,1046
113.0618006,34.83841667,3.22,819,878,804,750
113.0679644,34.83811711,3.28,1234,1493,1792,2483
113.0717831,34.83767511,1.45,1090,1242,1442,1604
113.0725169,34.84905337,2.9575,1027,1157,1364,1054
113.0660752,34.84809176,1.955,1102,1238,1455,987
113.0618588,34.84149263,5.255,1034,1174,1358,1000
113.0629037,34.83932496,2.1775,812,888,802,688
113.0719762,34.84980295,2.4975,1060,1186,1384,973
113.061317,34.83826866,3.2,830,886,848,861
113.0708318,34.84975438,2.2475,1036,1155,1364,1066
113.0587577,34.83969098,1.665,1044,1185,1353,1031
113.0614007,34.83821659,3.3225,830,886,848,861
113.0649697,34.84530902,3.9525,1064,1220,1385,939
113.0626381,34.84133209,4.54,1017,1145,1336,1079
113.0617188,34.83911887,2.5225,857,911,872,934
113.0578714,34.82919237,3.695,806,903,859,910
113.0627145,34.83942836,2.0625,828,892,809,669
113.0628102,34.8405723,1.035,1007,1125,1291,969
113.063159,34.84453937,1.6075,1069,1203,1402,1019
113.0598633,34.84018152,3.15,1033,1157,1346,1025
113.0639168,34.84464412,4.1625,1054,1185,1380,974
113.0679588,34.83813509,3.8025,1023,1178,1347,1499
113.068117,34.83842485,1.9375,1017,1174,1326,1383
113.0595217,34.83916122,6.0925,1045,1165,1347,1063
113.0612343,34.8425609,0.975,1059,1209,1377,992
113.0718861,34.84980137,2.7775,1036,1188,1382,977
113.0608273,34.84128242,3.8375,1044,1194,1378,975
113.0596419,34.84081729,0.9025,1039,1161,1346,1030
113.06989,34.84848437,2.27,1059,1188,1386,991
113.0710663,34.85099247,1.98,1040,1170,1358,1072
113.0627276,34.84322076,3.625,1048,1172,1358,963
113.061241,34.8416971,4.0475,1033,1185,1371,970
113.0604766,34.84148556,0.5475,1027,1164,1346,1040
113.0681721,34.84581154,1.9,1061,1199,1382,993
113.0625749,34.84056722,1.365,985,1112,1240,955
113.062119,34.84000046,2.8775,879,978,951,917
113.0643038,34.84267528,3.1475,1028,1149,1336,1061
113.0623912,34.84303813,3.95,1039,1177,1367,978
113.0626138,34.84153749,4.61,1017,1136,1343,1084
113.0626986,34.84295694,4.67,1044,1177,1364,964
113.0708706,34.85112707,2.305,1040,1157,1358,1076
113.06474,34.84401067,4.2,1026,1160,1344,1072
113.0662177,34.84529636,3.965,1038,1181,1356,1041
113.0719033,34.84997878,1.69,1042,1176,1378,1010
113.0648024,34.83894975,2.3375,985,1146,1234,1444
113.0689628,34.8503455,3.856666667,1051,1181,1364,1049
113.0636903,34.83928358,3.57,890,993,964,1066
113.0599823,34.84060569,2.6075,1056,1186,1368,1011
113.0603145,34.84128909,1.34,1044,1194,1371,984
113.0707857,34.8383722,2.555,1032,1162,1324,1034
113.0626075,34.83966334,1.9025,840,898,828,693
113.0725148,34.83781708,1.6125,1007,1137,1330,1040
113.0661207,34.84545678,4.5775,1044,1156,1352,1051
113.0633647,34.83963542,1.625,934,1027,1059,765
113.061413,34.84222282,2.555,1042,1171,1366,992
113.0587701,34.8393274,3.08,1021,1135,1328,1078
113.0738525,34.83795291,1.8925,999,1158,1332,1025
113.0610531,34.84174442,3.2875,1049,1185,1367,980
113.0620521,34.83771812,2.9525,830,886,844,927
113.0749248,34.83777833,2.6475,1049,1204,1365,1338
113.0646262,34.84372392,4.6175,1017,1140,1349,1072
113.0660613,34.84590343,4.5925,1055,1152,1359,1046
113.0721978,34.84943331,2.48,1055,1186,1378,1003
113.0611961,34.84183732,3.635,1049,1181,1375,966
113.0622243,34.83764576,3.5925,846,962,895,1399
113.0607984,34.84131793,3.645,1049,1198,1378,980
113.0604303,34.83947211,8.0125,1011,1153,1376,1212
113.0614825,34.84174968,4.7375,1033,1185,1371,970
113.0715484,34.85071979,2.1275,1053,1151,1360,1047
113.0674752,34.84767438,4.66,1041,1162,1362,1033
113.0583155,34.84025246,0.91,1021,1143,1346,1087
113.067991,34.84488748,1.655,1039,1149,1343,1052
113.0646518,34.84360465,4.8275,1017,1140,1342,1063
113.0687054,34.83849494,3.45,1112,1245,1448,1565
113.0651768,34.8439132,3.8225,1049,1155,1358,1067
113.0646624,34.84480369,4.1675,1060,1176,1380,946
113.0624284,34.83976543,1.925,823,890,836,726
113.0749838,34.8380132,1.7775,1011,1154,1329,1035
113.0623968,34.83979424,1.92,823,890,836,726
113.0584003,34.84008899,2.02,1032,1164,1346,1059
113.062346,34.84387575,1.4825,1071,1210,1380,949
113.0653416,34.84364899,2.8125,1033,1161,1375,1035
113.06274,34.84279165,3.33,1033,1194,1360,992
113.067759,34.84823853,4.1225,1045,1172,1370,1025
113.0671609,34.84563301,3.0575,1066,1194,1374,1032
113.0679898,34.84667845,2.7325,1044,1161,1367,1030
113.0644532,34.84420879,4.755,1032,1155,1355,1030
113.0628556,34.84086629,1.2325,1000,1141,1325,1089
113.0620036,34.8377125,2.955,835,878,808,815
113.0647639,34.84329737,3.2425,1028,1136,1346,1049
113.0615134,34.83791955,3.0825,824,878,794,722
113.0619811,34.8414031,6.47,1039,1174,1347,1023
113.0632277,34.83913544,3.703333333,828,905,867,940
113.0617044,34.84027774,2.3125,940,1146,1186,1076
113.0629923,34.8424559,4.9575,1027,1144,1349,1043
113.0693218,34.83856496,2.92,1017,1174,1326,1164
113.0647344,34.84411259,4.23,1026,1160,1344,1072
113.0627812,34.84052698,1.16,1007,1125,1291,969
113.0642584,34.84546206,3.105,1041,1178,1381,1037
113.0637813,34.83933369,3.686666667,956,1068,1116,1061
113.0685234,34.85098134,2.63,1112,1262,1524,1311
113.0646864,34.84273927,2.73,1022,1132,1349,1058
113.0718336,34.85047069,2.1075,1036,1163,1364,1029
113.0681008,34.84804131,3.98,1059,1184,1364,1028
113.0620522,34.84014242,2.1675,868,965,948,824
113.0630113,34.83905554,3.94,806,867,802,744
113.0600245,34.84021317,3.5325,1000,1136,1350,1039
113.0637259,34.83934666,2.5925,956,1068,1116,1061
113.0668126,34.8463051,4.3875,1031,1138,1361,1040
113.0665441,34.84909411,1.9175,1138,1280,1475,1066
113.0709851,34.8510331,2.1225,1035,1136,1351,1067
113.0613086,34.83797734,3.21,819,874,819,801
113.0680872,34.84691995,3.055,1043,1160,1366,1034
113.0632476,34.84446894,2.735,1046,1186,1369,1001
113.0694252,34.84563585,1.76,1034,1158,1355,1050
113.0623407,34.83971843,2.07,823,890,836,726
113.0642655,34.84330272,3.81,994,1132,1339,1058
113.0646724,34.84411076,4.2525,1026,1160,1344,1072
113.0620143,34.83770822,2.93,835,878,808,815
113.0598151,34.83961607,6.05,1039,1157,1343,1053
113.064856,34.84325193,2.9825,1028,1136,1346,1049
113.0652683,34.8432295,2.4575,1044,1165,1365,1028
113.0697366,34.85174702,4.5875,1076,1203,1418,1098
113.0633225,34.84055372,1.0425,1012,1149,1330,1055
113.0702094,34.83839634,2.305,1035,1162,1363,1094
113.0634487,34.83909735,3.8475,890,1022,950,1957
113.058951,34.83807962,8.72,1028,1157,1364,1289
113.0674004,34.84636472,2.94,1048,1163,1368,1031
113.0627692,34.84257675,4.915,1033,1173,1349,1006
113.063829,34.8418462,2.78,1023,1136,1336,1080
113.0584514,34.83991477,1.0475,1038,1173,1349,1045
113.0726325,34.84902295,2.2525,1027,1153,1360,1040
113.0600024,34.84002615,4.3275,1028,1148,1332,1053
113.0635117,34.8441559,4.8475,1035,1169,1366,996
113.0601166,34.83976153,5.9675,1017,1157,1339,1049
113.0720276,34.84977215,2.13,1060,1186,1384,973
113.0602472,34.84117665,1.585,1044,1194,1371,984
113.0623706,34.84375583,1.4125,1054,1193,1369,963
113.0647363,34.8388761,2.3425,985,1146,1234,1444
113.0620443,34.83917356,2.86,824,881,825,785
113.0614715,34.84226069,2.6275,1042,1171,1366,992
113.0645246,34.84294274,2.83,1022,1157,1346,1053
113.0727593,34.84860497,0.7275,1044,1165,1360,1026
113.0680576,34.84814361,3.7875,1062,1185,1367,1007
113.0637818,34.83933279,3.66,956,1068,1116,1061
113.0706147,34.8514155,2.9575,1057,1157,1361,1076
113.062982,34.83926735,2.6675,806,880,798,711
113.0636202,34.84158134,2.3,1034,1132,1336,1101
113.0619871,34.83786151,3.34,824,865,801,764
113.0622115,34.83887539,3.2125,835,873,807,724
113.0716616,34.85061223,2.16,1025,1167,1357,1029
113.0599537,34.84048024,2.99,1056,1186,1368,1011
113.0677317,34.85012349,4.09,1127,1253,1490,1108
113.0581023,34.82915108,3.3575,812,866,819,798
113.0623768,34.84029202,1.575,912,1015,1016,749
113.0627206,34.83870689,3.0475,823,880,809,903
113.0632871,34.83915711,5.1325,828,905,867,940
113.0642956,34.84212895,2.0975,1017,1136,1332,1071
113.0637613,34.83935007,2.595,956,1068,1116,1061
113.072141,34.84961318,2.75,1049,1194,1388,977
113.0633098,34.83896848,3.04,840,955,870,1220
113.0715522,34.85071811,2.1075,1053,1151,1360,1047
113.0646675,34.8440011,4.3475,1026,1160,1344,1072
113.0631141,34.8399603,1.735,956,1078,1106,765
113.0680956,34.84805105,3.91,1059,1184,1364,1028
113.0623393,34.83977214,2.18,823,890,836,726
113.0660848,34.84845607,1.67,1105,1272,1471,1006
113.062194,34.84045383,1.323333333,884,1003,984,768
113.0633827,34.83902806,3.89,890,1022,950,1957
113.069709,34.84979604,3.4025,1047,1166,1359,1072
113.060448,34.84119604,1.955,1044,1194,1371,984
113.0608889,34.84185184,0.75,1060,1194,1378,984
113.061406,34.84227764,2.4725,1042,1171,1366,992
113.0606582,34.83996587,8.0125,1022,1144,1361,1058
113.0673231,34.83825725,2.4575,1023,1141,1326,1333
113.0639076,34.84348798,4.915,1028,1157,1364,1002
113.0726014,34.84903387,2.5575,1027,1153,1360,1040
113.0676715,34.84719967,3.8775,1052,1166,1355,1024
113.0672955,34.84617331,3.1,1042,1159,1361,1026
113.0615162,34.83813564,3.195,830,886,848,861
113.0665464,34.84914343,1.995,1138,1280,1475,1066
113.0588055,34.83894441,5.6125,1027,1119,1317,1085
113.0679573,34.83812924,3.6175,1023,1178,1347,1499
113.0720907,34.84957808,2.35,1049,1194,1388,977
113.0719722,34.85035084,1.7575,1053,1188,1371,1029
113.0648324,34.83908483,2.1825,991,1125,1277,1206
113.070595,34.84920236,1.62,1048,1177,1372,1004
113.0584114,34.8404476,0.6375,1037,1163,1359,1053
113.0625064,34.83955469,2.2175,824,902,825,720
113.0638609,34.84020327,0.685,1034,1157,1348,1045
113.0696519,34.84994138,2.915,1056,1156,1345,1086
113.0627466,34.84286711,4.77,1044,1177,1364,964
113.0700713,34.8495875,2.68,1058,1149,1352,1058
113.0677373,34.84512148,1.93,1050,1162,1347,1038
113.0649391,34.83925846,1.8,1018,1146,1335,1145
113.0630127,34.8440511,2.64,1021,1163,1340,1024
113.0643461,34.84497953,5.0925,1049,1197,1387,960
113.0611586,34.84005304,6.27,1046,1150,1406,1361
113.0624141,34.83977838,1.9425,823,890,836,726
113.0626041,34.84363353,2.26,1037,1172,1358,991
113.0701955,34.85145581,4.19,1065,1174,1371,1052
113.0609835,34.84081271,5.795,1056,1178,1365,1007
113.0614629,34.83817059,3.24,830,886,848,861
113.0642615,34.84538238,3.4225,1041,1178,1381,1037
113.0623759,34.84377395,1.39,1054,1193,1369,963
113.0692007,34.85014929,4.01,1045,1164,1345,1077
113.0612057,34.84191672,3.3525,1049,1181,1375,966
113.0641509,34.84224362,2.4825,1012,1157,1336,1080
113.0622783,34.8409446,3.59,1023,1132,1322,1079
113.061327,34.84237517,1.965,1059,1179,1369,1025
113.0619141,34.84344753,1.1675,1054,1239,1387,903
113.0614868,34.84210636,2.9725,1044,1181,1371,980
113.0697364,34.85169655,4.64,1076,1203,1418,1098
113.0618982,34.83902091,2.7575,829,898,829,771
113.0660182,34.84658043,3.7825,1083,1201,1381,939
113.0626119,34.83948913,2.135,824,898,818,692
113.0749245,34.83780282,2.355,1011,1162,1325,1063
113.0615472,34.84143729,5.035,1039,1166,1351,1009
113.0679351,34.85004766,3.74,1082,1233,1429,1020
113.0713125,34.84858844,1.9975,1087,1214,1394,920
113.0630997,34.84256885,5.5925,1022,1161,1349,1039
113.0637853,34.8393352,3.7325,956,1068,1116,1061
113.0610353,34.8410021,4.7725,1021,1169,1360,998
113.0602557,34.84133602,0.8225,1010,1152,1338,1045
113.0576078,34.82925218,0.905,1090,1335,1552,1903
113.0577685,34.82920414,3.8625,907,1008,1072,1264
113.0665361,34.84786303,3.68,1063,1216,1402,1010
113.05986,34.83877701,9.435,1083,1228,1498,1578
113.06378,34.83934587,2.97,956,1068,1116,1061
113.0631068,34.83922371,2.9975,823,892,816,781
113.0637671,34.83938453,2.55,956,1068,1116,1061
113.0589458,34.83846923,7.29,1039,1157,1343,1076
113.0598449,34.84087803,1.29,1050,1174,1368,993
113.062835,34.83872235,3.1875,823,880,809,903
113.0749269,34.83774182,2.8825,1049,1204,1365,1338
113.0649241,34.83923366,2.155,1018,1146,1335,1145
113.0638005,34.83929494,4.5225,956,1068,1116,1061
113.0635658,34.83949511,2.0175,917,1011,1044,793
113.0599044,34.84100112,1.2375,1044,1148,1346,1039
113.0689155,34.84611249,1.435,1039,1149,1342,1063
113.0655908,34.84747935,1.9825,1069,1226,1393,1034
113.069976,34.85164955,4.985,1059,1186,1396,1042
113.0651218,34.8449451,4.5325,1032,1172,1362,1016
113.0679745,34.8467684,2.87,1044,1161,1367,1030
113.0658227,34.83831891,4.7975,1091,1305,1555,2217
113.0609326,34.83976045,5.1675,1056,1153,1419,1310
113.06276,34.83941792,2.04,828,892,809,669
113.0616722,34.840448,7.19,1018,1150,1291,1039
113.0738833,34.83763715,2.93,1046,1145,1348,1090
113.0732499,34.83818681,1.96,1021,1154,1332,1029
113.062836,34.84090911,1.375,1000,1141,1325,1089
113.0587774,34.8392607,3.2575,999,1118,1324,1101
113.0670496,34.84864036,3.5775,1073,1218,1399,979
113.0605361,34.84146349,0.5775,1066,1198,1375,998
113.0615119,34.83813837,3.2225,830,886,848,861
113.0598489,34.83878317,9.6825,1089,1224,1498,1466
113.0634796,34.84144417,1.7375,1012,1145,1340,1078
113.0628528,34.83933893,2.1775,828,892,809,669
113.0647218,34.84410492,4.17,1026,1160,1344,1072
113.061353,34.83795408,3.1925,819,874,819,801
113.0647387,34.84411682,4.2325,1026,1160,1344,1072
113.0663046,34.84655632,3.95,1048,1172,1361,1026
113.0652773,34.84374839,2.8725,1033,1178,1367,1058
113.0638491,34.83942477,3.2825,956,1068,1116,1061
113.0630929,34.84099798,1.655,1012,1149,1325,1082
113.0624661,34.84347459,2.295,1048,1201,1380,963
113.0675115,34.84839038,3.7575,1050,1180,1370,1007
113.0636719,34.83963876,1.3375,984,1111,1189,873
113.0604917,34.84143504,0.73,1021,1156,1353,1026
113.0636175,34.84262282,3.745,1028,1162,1350,1071
113.0628864,34.84274143,4.835,1033,1194,1360,992
113.0716921,34.85057808,2.01,1025,1167,1357,1029
113.0601547,34.83945509,7.25,1028,1149,1354,1170
113.0681104,34.84810689,4.01,1059,1184,1364,1028
113.0720042,34.85003725,1.48,1047,1159,1371,1019
113.0582978,34.84026945,0.9475,1021,1143,1346,1087
113.0646103,34.8447225,4.4,1060,1176,1380,946
113.0629477,34.83928562,2.475,806,880,798,711
113.0671186,34.8459031,2.95,1026,1163,1372,1054
113.0649148,34.84524931,3.915,1064,1220,1385,939
113.0603397,34.84124083,1.775,1044,1194,1371,984
113.065299,34.84370991,2.765,1033,1178,1367,1058
113.0606415,34.84004261,7.605,1022,1144,1361,1058
113.0576513,34.82922192,2.1,1118,1377,1614,1935
113.0638817,34.83930847,5.3125,1018,1178,1264,1341
113.0642674,34.8457212,1.935,1075,1229,1417,1065
113.0645438,34.84374849,4.325,1022,1132,1349,1063
113.0611501,34.83806198,3.3225,847,912,913,969
113.0642337,34.84550045,3.0725,1058,1216,1399,1056
113.0632556,34.8391648,4.56,828,905,867,940
113.0662347,34.84557982,4.2175,1038,1177,1356,1051
113.063878,34.84473624,3.9,1049,1172,1380,983
113.0601164,34.83971171,7.005,1017,1157,1339,1049
113.0657359,34.84705642,3.43,1056,1184,1377,1009
113.065684,34.84472145,5.4625,1055,1165,1360,1050
113.0707946,34.83844758,2.665,1032,1162,1324,1034
113.0691875,34.85016352,4.0525,1045,1164,1345,1077
113.0642911,34.84592065,1.1925,1080,1199,1442,1042
113.061601,34.8415563,4.445,1051,1183,1365,986
113.0679806,34.84669938,2.6325,1044,1161,1367,1030
113.0600347,34.84027371,3.5075,1000,1136,1350,1039
113.0614103,34.84220677,2.595,1042,1171,1366,992
113.0618833,34.84147941,5.455,1051,1178,1351,1009
113.062324,34.83759847,3.0075,852,979,931,1697
113.0652214,34.84415608,5.2525,1032,1151,1340,1067
113.0614565,34.8421257,2.86,1044,1181,1371,980
113.0604674,34.84028827,5.61,1033,1148,1346,1039
113.0625252,34.84019542,1.55,912,1015,1016,749
113.0698765,34.84636242,0.9375,1023,1141,1337,1082
113.0638535,34.83933815,4.8775,956,1068,1116,1061
113.0678262,34.84592189,2.4275,1044,1174,1385,1002
113.0617161,34.83783688,3.475,802,865,794,736
113.0671611,34.84664536,3.4625,1037,1176,1368,1036
113.0692162,34.84693643,1.3475,1049,1177,1373,992
113.0671466,34.84443704,1.0175,1044,1169,1357,994
113.0643872,34.84369768,3.8125,1022,1132,1349,1063
113.0634991,34.84209181,3.91,1028,1132,1347,1071
113.0611165,34.84119451,4.2,1033,1169,1367,998
113.0665912,34.84920584,2.0225,1149,1335,1586,1249
113.0699281,34.8484648,2.0575,1049,1169,1385,977
113.0655623,34.84547436,4.255,1030,1137,1359,1032
113.0670274,34.84675841,3.3375,1048,1172,1354,1050
113.0628557,34.84088897,0.995,1000,1141,1325,1089
113.0631373,34.84463699,1.3925,1069,1203,1402,1019
113.0718276,34.837981,1.6975,1012,1162,1323,1007
113.0623817,34.83882139,3.2575,818,869,793,724
113.0625618,34.84055572,1.47,985,1112,1240,955
113.0706414,34.84912925,3.07,1043,1181,1376,990
113.0631638,34.84241196,4.295,1011,1140,1331,1062
113.0611944,34.84192394,3.2775,1049,1181,1375,966
113.0645452,34.84374068,4.4025,1022,1132,1349,1063
113.0597217,34.84095178,0.795,1050,1174,1368,993
113.0668989,34.84867407,3.1425,1073,1218,1399,979
113.0649433,34.84475606,4.7725,1032,1176,1351,1035
113.0669381,34.84866072,3.2525,1073,1218,1399,979
113.0738475,34.83781423,1.865,1021,1158,1336,1039
113.0732569,34.83781643,1.5325,1013,1154,1338,1039
113.0622752,34.83761268,3.64,852,979,931,1697
113.0620429,34.83772207,2.9175,830,886,844,927
113.072778,34.84860853,0.7375,1044,1165,1360,1026
113.0696698,34.84646264,2.5625,1023,1125,1344,1073
113.0643357,34.8452629,4.23,1041,1199,1374,1014
113.0620918,34.84109514,5.83,1012,1141,1336,1070
113.0625903,34.83960069,2.0625,824,898,818,692
113.0719711,34.85035596,1.9,1042,1184,1367,1024
113.0701051,34.85166529,4.7175,1059,1199,1371,1042
113.0610535,34.84101909,4.71,1021,1169,1360,998
113.0656301,34.84782611,1.415,1136,1288,1494,1080
113.0649173,34.84464239,4.1325,1032,1151,1355,1053
113.0658835,34.84665722,3.8725,1061,1205,1374,967
113.0639722,34.84453222,3.9525,1054,1185,1380,974
113.0635512,34.83977096,1.3625,984,1111,1189,873
113.0609466,34.84027917,7.7025,1017,1157,1365,1142
113.0732548,34.83822967,2.0125,1021,1154,1332,1029
113.0617244,34.8416134,4.745,1034,1174,1358,1000
113.0694909,34.84667023,1.9425,1043,1143,1359,1044
113.0589402,34.83830194,8.18,1027,1161,1350,1081
113.0738717,34.83814964,1.735,1005,1158,1325,1025
113.0726411,34.84901803,2.1775,1027,1153,1360,1040
113.0617142,34.84161843,4.7625,1034,1174,1358,1000
113.0606264,34.84009767,7.5375,1022,1144,1361,1058
113.0675451,34.84729568,3.0925,1030,1183,1362,1047
113.0725479,34.84888944,1.89,1049,1165,1367,1040
113.0638558,34.83933215,4.9675,956,1068,1116,1061
113.0647615,34.8445563,4.5925,1043,1164,1355,1011
113.0686426,34.84833206,3.035,1048,1197,1361,1028
113.0665246,34.84486917,3.4025,1066,1165,1363,1037
113.0728166,34.84894739,1.1425,1033,1182,1371,1031
113.0649811,34.84345677,3.76,1022,1144,1357,1044
113.0610558,34.84022322,7.62,1024,1158,1399,1291
113.0685795,34.84756378,3.955,1043,1164,1373,1030
113.0629067,34.83946035,1.8725,812,888,802,688
113.0592351,34.83931386,5.7375,1017,1144,1321,1077
113.0624564,34.83922193,3.0725,818,869,807,696
113.0616927,34.84029233,2.7525,1179,1380,1511,1482
113.0625752,34.84102654,2.32,1006,1120,1329,1093
113.0698917,34.85170137,4.7125,1082,1216,1428,1154
113.0687152,34.85050386,3.9575,1045,1194,1401,1031
113.0600303,34.84080357,2.0425,1061,1199,1365,993
113.0673289,34.84859334,3.8975,1073,1210,1399,983
113.0626542,34.8407042,1.2275,1001,1133,1298,1057
113.0669304,34.84866306,3.2225,1073,1218,1399,979
113.0636394,34.84431943,3.57,1024,1182,1377,963
113.0718779,34.83819782,2.0675,1010,1137,1329,1047
113.0621579,34.84051651,1.365,979,1099,1215,973
113.0722498,34.84981897,2.5725,1060,1186,1384,973
113.0637792,34.83934365,3.3175,956,1068,1116,1061
113.0606872,34.84039938,5.94,1022,1153,1354,1035
113.0582505,34.82912272,3.1375,806,857,808,789
113.0623353,34.84067667,1.3475,1012,1150,1291,1057
113.0642803,34.84402115,4.83,1043,1185,1362,983
113.0679461,34.84676506,2.83,1044,1161,1367,1030
113.067895,34.84496505,1.5875,1039,1153,1343,1043
113.0691807,34.8457958,1.4525,1033,1140,1331,1063
113.0653116,34.84693096,2.2825,1067,1205,1410,1018
113.0628784,34.84416569,1.6375,1041,1169,1359,1001
113.0671211,34.84443822,1.0775,1044,1169,1357,994
113.0622034,34.83763525,3.41,846,962,895,1399
113.0627935,34.84019894,1.3075,985,1099,1132,805
113.0672522,34.84786536,4.0225,1063,1183,1366,1029
113.0712492,34.8486818,2.525,1060,1214,1394,934
113.0623666,34.84062103,1.525,985,1104,1233,950
113.0624999,34.8411855,3.985,1028,1149,1325,1089
113.0644938,34.84360898,4.4325,1011,1132,1346,1077
113.0700052,34.85164567,5.0225,1059,1186,1396,1042
113.0588257,34.83877917,5.6475,1044,1148,1328,1081
113.0585637,34.8390484,4.16,1016,1140,1332,1085
113.0600801,34.83993972,5.295,1033,1144,1343,1039
113.061839,34.8384582,3.19,824,903,837,866
113.0647593,34.84388092,4.1825,1043,1155,1348,1053
113.0633778,34.84215865,3.8725,1017,1136,1343,1075
113.0714707,34.85076628,2.0625,1053,1151,1360,1047
113.0586302,34.83895904,4.985,1016,1140,1332,1085
113.0646821,34.84366306,4.5575,1017,1140,1349,1072
113.0637325,34.83933965,2.515,956,1068,1116,1061
113.0604124,34.84062114,3.935,1033,1161,1354,1016
113.063476,34.83989449,1.52,1001,1136,1264,901
113.070953,34.85087841,2.08,1040,1170,1358,1072
113.0625707,34.84061985,1.186666667,985,1112,1240,955
113.0636528,34.839651,1.2875,984,1111,1189,873
113.0653388,34.84333387,2.155,1033,1178,1361,1028
113.0595305,34.83915683,6.0825,1045,1165,1347,1063
113.0620644,34.83768745,2.995,830,886,844,927
113.0639649,34.84401068,4.4725,1032,1172,1358,969
113.0656168,34.84453522,4.405,1055,1161,1364,1060
113.0674606,34.84700432,3.565,1041,1195,1362,1033
113.0618834,34.84185264,3.9075,1045,1183,1369,958
113.0683393,34.84785202,3.775,1053,1180,1361,1024
113.0637973,34.83929555,4.5675,956,1068,1116,1061
113.0683885,34.84805071,3.56,1059,1184,1364,1028
113.0609852,34.84094139,4.81,1056,1178,1365,1007
113.0654335,34.84330723,1.9925,1044,1165,1365,1028
113.0618141,34.84188517,3.8775,1039,1162,1361,967
113.0620523,34.84075133,5.105,1012,1150,1291,1057
113.0676313,34.84744847,3.21,1052,1162,1355,1019
113.0612432,34.84188008,3.6225,1049,1181,1375,966
113.0656085,34.84481944,4.7375,1055,1165,1360,1050
113.0647222,34.84376549,4.1725,1033,1157,1349,1077
113.0678681,34.85008982,3.905,1099,1266,1458,1094
113.0588097,34.83790669,8.9675,1066,1185,1400,1416
113.0620333,34.84016433,2.1375,940,1146,1186,1076
113.065273,34.84333571,2.1275,1033,1178,1361,1028
113.0621844,34.83764204,3.2775,830,886,844,927
113.0585917,34.8390124,4.6275,1016,1140,1332,1085
113.0650566,34.84487343,4.8725,1032,1172,1362,1016
113.0662832,34.84415646,1.4975,1033,1165,1360,1004
113.0720127,34.84969427,2.1375,1060,1186,1384,973
113.0608671,34.84126182,3.7575,1033,1169,1367,998
113.0672617,34.84860622,3.89,1073,1210,1399,983
113.0658719,34.8385294,1.7925,1074,1192,1385,1290
113.0676929,34.84749147,3.82,1052,1162,1355,1019
113.0630929,34.84178928,3.3125,1028,1149,1351,1089
113.0652876,34.84407943,4.7425,1038,1155,1344,1063
113.0636949,34.84190442,2.9925,1039,1132,1347,1085
113.0698356,34.84818239,2.3925,1059,1176,1386,986
113.0696877,34.84644472,2.42,1023,1125,1344,1073
113.0622589,34.83762997,3.6225,846,962,895,1399
113.0703196,34.85169353,4.3225,1054,1178,1374,1056
113.0657638,34.84703024,3.605,1056,1184,1377,1009
113.0660525,34.84685335,3.745,1072,1196,1395,948
113.0629532,34.84090272,1.42,1000,1141,1325,1089
113.0648872,34.84441202,3.73,1038,1151,1355,1058
113.0648638,34.84524768,3.9175,1053,1212,1381,944
113.068944,34.85035306,3.865,1051,1202,1378,1035
113.0608645,34.84196151,0.6825,1060,1194,1378,984
113.0647287,34.84428584,4.01,1021,1147,1333,1058
113.0615616,34.84203036,4.31,1055,1194,1367,969
113.0631879,34.84175079,4.5375,1028,1149,1351,1089
113.0613962,34.8409665,6.095,1035,1175,1352,1015
113.0601415,34.83973459,6.285,1017,1157,1339,1049
113.0679946,34.84817842,4.6375,1039,1160,1370,1011
113.0626567,34.84130873,4.37,1017,1145,1336,1079
113.0627466,34.83874602,2.99,823,880,809,903
113.0614226,34.84234652,2.36,1048,1188,1380,974
113.0707518,34.84888745,2.4075,1043,1202,1383,971
113.0684879,34.84816384,3.07,1048,1209,1368,1019
113.0677475,34.85012452,4.145,1099,1266,1458,1094
113.0601188,34.8408813,2.0325,1061,1199,1365,993
113.0657484,34.84365822,2.6725,1033,1173,1364,1032
113.0721605,34.84918569,2.4,1055,1165,1371,1021
113.0638826,34.83931784,5.255,1018,1178,1264,1341
113.0706025,34.85137293,3.135,1057,1157,1361,1076
113.0629752,34.84301916,3.635,1032,1172,1366,959
113.0639314,34.84402174,4.4575,1032,1172,1358,969
113.0661459,34.84508987,3.325,1038,1152,1352,1037
113.0719564,34.85037953,2.2175,1042,1184,1367,1024
113.0673177,34.83815163,2.9725,1023,1141,1326,1333
113.0653424,34.84327368,2.195,1044,1165,1365,1028
113.0623484,34.83771068,3.665,846,962,895,1399
113.0647131,34.84405985,4.255,1026,1160,1344,1072
113.069745,34.84640845,2.3075,1023,1141,1337,1082
113.0628149,34.8420443,6.12,1022,1144,1342,1039
113.0640412,34.84443316,3.9175,1054,1189,1377,974
113.0686756,34.84631829,1.945,1066,1182,1371,1002
113.063994,34.84253859,5.0075,1039,1141,1336,1075
113.058735,34.83851881,6.44,1039,1132,1339,1076
113.0583999,34.8398054,1.0,1038,1173,1349,1045
113.0614565,34.8421257,2.86,1044,1181,1371,980
113.06971,34.84912612,2.05,1041,1158,1377,1011
113.0643641,34.84304983,3.875,1005,1136,1342,1077
113.066752,34.84875201,2.4275,1084,1256,1425,965
113.0618536,34.83942357,2.575,846,932,905,1060
113.063577,34.8430795,4.61,1022,1144,1339,1035
113.0629749,34.84269763,4.855,1033,1194,1360,992
113.0636539,34.84259094,3.9075,1028,1162,1350,1071
113.0650946,34.84339427,2.9975,1039,1153,1360,1039
113.064404,34.84486999,4.2975,1060,1202,1387,951
113.0632932,34.83909682,5.5325,840,955,870,1220
113.0725101,34.84905637,3.005,1027,1157,1364,1054
113.0629865,34.83987909,1.325,901,1015,1008,723
113.0725027,34.83795229,1.7225,1007,1137,1330,1040
113.0599773,34.84058467,2.67,1056,1186,1368,1011
113.0708031,34.83852933,2.5425,1020,1149,1324,1081
113.0649936,34.83932643,1.6575,1032,1158,1336,1136
113.0637325,34.83933965,2.515,956,1068,1116,1061
113.0643434,34.84409206,5.17,1043,1185,1362,983
113.0618985,34.84212838,3.5575,1039,1203,1364,955
113.0616335,34.84231171,2.8875,1055,1198,1389,964
113.0707682,34.84898751,2.2175,1043,1202,1383,971
113.0655452,34.84601802,3.94,1050,1201,1384,976
113.072096,34.84964112,2.23,1049,1194,1388,977
113.0624411,34.8417625,4.92,1028,1149,1354,1051
113.0722012,34.84982027,2.8375,1060,1186,1384,973
113.0647565,34.84391394,4.0775,1043,1155,1348,1053
113.0708946,34.85112444,2.3,1040,1157,1358,1076
113.0619536,34.84093057,5.55,1000,1141,1325,1079
113.0609476,34.84174082,2.3075,1049,1206,1382,980
113.0584485,34.839982,1.27,1032,1164,1346,1059
113.068438,34.84639874,2.3975,1050,1165,1389,997
113.06382,34.83930881,4.77,956,1068,1116,1061
113.0643225,34.84512034,4.42,1041,1178,1374,990
113.0690328,34.84717109,1.84,1049,1181,1355,1002
113.0628545,34.83968713,1.84,845,914,842,691
113.0588781,34.83959637,2.7275,1038,1156,1338,1064
113.0617907,34.8384086,3.24,819,878,804,750
113.0647108,34.84287437,2.8025,1022,1153,1349,1030
113.0719904,34.84971193,2.3475,1060,1186,1384,973
113.0661383,34.84542716,4.7575,1044,1156,1352,1051
113.0629497,34.84038133,1.255,1018,1141,1272,924
113.0628749,34.83995914,1.3325,901,1015,1008,723
113.0628286,34.83872355,3.175,823,880,809,903
113.0584551,34.84013498,0.94,1032,1164,1353,1055
113.0618473,34.83847122,3.1375,824,903,837,866
113.0599952,34.84102695,1.4425,1044,1148,1346,1039
113.06394,34.83927415,4.6175,1073,1257,1297,1891
113.0616545,34.84164222,4.72,1039,1195,1372,972
113.0600698,34.84091648,1.66,1061,1199,1365,993
113.0700205,34.84818896,1.655,1060,1207,1392,968
113.0732518,34.83791937,1.6925,1013,1154,1338,1039
113.0612039,34.84113162,4.3925,1021,1169,1360,998
113.0713808,34.84852378,1.67,1087,1214,1394,920
113.068926,34.84735533,2.2625,1054,1169,1369,1011
113.066207,34.84554109,4.01,1038,1148,1352,1060
113.0676268,34.84747049,3.2125,1052,1162,1355,1019
113.0644754,34.84272061,3.1175,1028,1149,1336,1061
113.0658342,34.84581717,3.94,1047,1208,1370,986
113.0684328,34.84768714,2.5825,1054,1173,1351,1044
113.0620645,34.84313862,0.605,1044,1198,1360,997
113.0611287,34.83815675,3.1975,908,991,1025,1151
113.0642601,34.84532864,3.62,1041,1178,1381,1037
113.0720227,34.84980177,1.95,1060,1186,1384,973
113.0729575,34.8489064,0.8575,1033,1182,1371,1031
113.0597125,34.84094342,0.7975,1050,1174,1368,993
113.0612721,34.83816098,3.3375,830,886,848,861
113.0617915,34.83798304,3.26,813,878,804,731
113.0702776,34.84940588,1.9,1037,1193,1362,1046
113.0632245,34.83974657,1.645,934,1027,1059,765
113.0749688,34.83821925,1.4125,1005,1150,1343,1054
113.0637405,34.83939281,2.455,956,1068,1116,1061
113.0629364,34.84009133,1.45,962,1086,1124,793
113.0675438,34.84638227,2.55,1048,1163,1368,1031
113.0686752,34.83827673,3.1325,1184,1375,1521,2208
113.0614142,34.84224722,2.5325,1042,1171,1366,992
113.0631548,34.84006566,1.52,990,1115,1214,831
113.0638811,34.83929645,5.225,1018,1178,1264,1341
113.0732984,34.83754959,2.4125,1096,1259,1457,1692
113.0620122,34.84206761,5.015,1039,1203,1364,955
113.0725027,34.83795229,1.7225,1007,1137,1330,1040
113.0639711,34.84289618,4.6875,1028,1148,1342,1067
113.0629262,34.83871953,2.9775,851,905,838,1136
113.0616907,34.83787768,3.5325,824,878,794,722
113.0625922,34.84310745,4.6625,1032,1159,1362,991
113.0685842,34.85066371,4.1575,1045,1220,1405,1059
113.068043,34.84490151,1.69,1039,1149,1343,1052
113.0629997,34.84298491,3.67,1032,1172,1366,959
113.0673238,34.83826248,2.39,1023,1141,1326,1333
113.0656161,34.84768652,1.5275,1136,1288,1494,1080
113.072536,34.84904665,2.8925,1027,1157,1364,1054
113.0614287,34.8405011,7.5625,1029,1141,1313,1025
113.0620633,34.84305504,1.3125,1044,1198,1360,997
113.0695018,34.84551393,1.29,1034,1158,1355,1050
113.0638082,34.84233429,3.78,1034,1136,1343,1075
113.0708173,34.83861152,2.315,1020,1149,1324,1081
113.068398,34.84663897,1.8325,1050,1182,1371,1016
113.0637461,34.8393683,2.325,956,1068,1116,1061
113.0677709,34.85012186,3.96,1099,1266,1458,1094
113.0618489,34.84099905,5.9525,1012,1153,1343,1047
113.0645838,34.84360035,4.995,1017,1140,1342,1063
113.0621754,34.83764524,3.1525,830,886,844,927
113.0613327,34.84236997,2.0375,1059,1179,1369,1025
113.0669809,34.84768057,3.815,1047,1178,1369,991
113.0738819,34.8376022,2.955,1141,1305,1507,1939
113.061383,34.83794633,3.1625,824,878,794,722
113.0683734,34.84779841,3.885,1049,1156,1355,1030
113.0661592,34.84546517,4.16,1044,1156,1352,1051
113.0596927,34.83904036,7.3025,1033,1165,1357,1156
113.0668926,34.84577277,3.365,1055,1165,1363,1055
113.0628625,34.84085371,1.3475,1000,1141,1325,1089
113.058407,34.84040175,0.6575,1037,1163,1359,1053
113.0720833,34.84959467,2.38,1071,1211,1391,963
113.0708181,34.83865124,2.105,1032,1187,1357,1198
113.0663613,34.84650612,3.9725,1048,1172,1361,1026
113.0608095,34.84130356,3.7225,1044,1194,1378,975
113.0689239,34.84861346,3.005,1048,1180,1368,1033
113.0693693,34.85002032,3.7075,1051,1177,1356,1077
113.0632606,34.84082589,1.235,1006,1141,1336,1073
113.0637681,34.83933247,3.6175,956,1068,1116,1061
113.0697002,34.8498784,2.7525,1056,1156,1345,1086
113.0715278,34.85073466,2.1675,1053,1151,1360,1047
113.0689333,34.85035753,3.845,1051,1202,1378,1035
113.0637426,34.83935233,2.4525,956,1068,1116,1061
113.0727812,34.84860919,0.7225,1044,1165,1360,1026
113.0656305,34.84780367,1.4025,1136,1288,1494,1080
113.0596915,34.84092679,0.8,1050,1174,1368,993
113.0647111,34.83881859,1.87,991,1176,1208,1882
113.0631496,34.83867605,1.895,895,985,903,1905
113.0613139,34.84238976,1.785,1059,1179,1369,1025
113.0673518,34.84690177,3.565,1041,1157,1362,1047
113.0594904,34.84034443,1.3375,1050,1182,1368,1002
113.0637962,34.8394066,2.485,956,1068,1116,1061
113.0729468,34.8489113,0.8675,1033,1182,1371,1031
113.0647234,34.83885316,2.2575,985,1146,1234,1444
113.0622417,34.84167165,5.5175,1051,1174,1369,1009
113.0663873,34.84691162,3.9825,1059,1222,1383,947
113.0602022,34.84048297,3.455,1033,1169,1357,1016
113.0632238,34.84220167,4.0475,1027,1140,1335,1076
113.0711152,34.85055602,2.5525,1031,1142,1357,1061
113.0674102,34.84728707,3.235,1030,1183,1362,1047
113.0630478,34.84250903,4.23,1022,1161,1349,1039
113.0598151,34.83948469,6.1525,1039,1157,1343,1053
113.0705332,34.84768643,1.9575,1049,1194,1381,1005
113.06022,34.83955364,7.335,1033,1157,1365,1128
113.0688554,34.84721717,2.4025,1049,1181,1355,1002
113.0622237,34.83929734,3.0775,818,894,822,720
113.0598376,34.84088673,1.2725,1050,1174,1368,993
113.0619628,34.84117288,5.7875,1034,1157,1343,1023
113.065353,34.84363402,2.8175,1033,1161,1375,1035
113.0722578,34.84939409,2.44,1049,1161,1371,1026
113.0642599,34.84415408,4.0425,1043,1193,1373,965
113.0601275,34.84125477,0.695,1021,1169,1349,1022
113.0668934,34.84639875,4.55,1037,1167,1350,1054
113.0699109,34.84635717,1.81,1034,1150,1347,1068
113.0620901,34.83933684,2.9725,829,898,833,804
113.0719471,34.85039064,1.9725,1042,1184,1367,1024
113.0651586,34.84611207,4.2775,1061,1171,1388,958
113.068268,34.84649628,2.6075,1044,1170,1371,1007
113.0624036,34.83965472,2.275,823,890,836,726
113.0630428,34.84003235,1.5475,990,1115,1214,831
113.0637934,34.84025368,0.6325,1034,1157,1348,1045
113.0663429,34.84512351,3.6475,1038,1152,1352,1037
113.072511,34.83811706,1.8375,990,1145,1327,1021
113.0587736,34.83936175,3.0125,1021,1135,1328,1078
113.0600818,34.84094447,1.63,1061,1199,1365,993
113.0606961,34.84124717,2.6025,1044,1194,1378,975
113.0655457,34.84675786,3.32,1061,1184,1374,1018
113.0623564,34.84062478,1.7075,985,1104,1233,950
113.0599057,34.8405359,2.62,1056,1186,1368,1011
113.0666966,34.84693857,4.035,1037,1155,1357,1036
113.0653166,34.84425278,4.1675,1032,1151,1340,1067
113.0676035,34.8452298,1.73,1050,1170,1376,1029
113.0619475,34.83982125,2.3975,868,986,958,973
113.0655069,34.84435518,3.815,1021,1151,1344,1053
113.0598228,34.83996142,4.215,1022,1128,1332,1058
113.0627846,34.84051401,1.115,1007,1125,1291,969
113.0649635,34.84477599,4.585,1032,1176,1351,1035
113.067315,34.83818618,2.84,1023,1141,1326,1333
113.0676295,34.84745676,3.25,1052,1162,1355,1019
113.0656077,34.84599319,3.91,1069,1195,1381,953
113.0624267,34.84062455,1.19,985,1104,1233,950
113.0611742,34.84172545,3.7425,1049,1185,1367,980
113.06285,34.84010158,1.5075,918,1024,1027,740
113.06241,34.8430128,3.3725,1039,1177,1367,978
113.0718548,34.85000627,1.7075,1042,1176,1378,1010
113.0630084,34.83986201,1.2925,901,1015,1008,723
113.0690271,34.84919111,4.05,1063,1170,1366,1058
113.0619179,34.83779205,3.2175,824,865,801,764
113.0632524,34.84273624,4.6775,1016,1140,1338,1048
113.0622864,34.83927711,3.115,818,890,804,720
113.0628431,34.83872107,3.185,823,880,809,903
113.0612444,34.84162115,3.49,1038,1190,1371,970
113.0699883,34.84829725,2.47,1060,1207,1392,968
113.0632427,34.84205519,4.5625,1023,1149,1350,1075
113.0679013,34.84723781,3.315,1043,1185,1359,1044
